date_2020,ID,dateu,PM2.5_daily,temperature
3/9/2022,21267,2022-03-09,436.424,67.467
2/25/2022,31261,2022-02-25,427.92,63.3
3/8/2022,21267,2022-03-08,392.296,84
2/23/2022,53383,2022-02-23,334.128,78.333
3/17/2022,47595,2022-03-17,301.462,73
2/25/2022,53383,2022-02-25,295.095,74.833
3/18/2022,47595,2022-03-18,286.947,81.458
3/15/2022,31261,2022-03-15,286.516,63.433
2/27/2022,53383,2022-02-27,264.891,51.867
2/21/2022,5872,2022-02-21,259.041,83.433
3/4/2022,36451,2022-03-04,254.083,85.167
2/21/2022,21267,2022-02-21,244.23,76.767
2/22/2022,53383,2022-02-22,241.334,72.967
3/20/2022,36451,2022-03-20,232.851,72.828
3/7/2022,21267,2022-03-07,231.843,86.4
2/24/2022,53383,2022-02-24,229.81,64.533
3/15/2022,21267,2022-03-15,224.825,79.069
2/25/2022,36451,2022-02-25,211.392,71.6
3/13/2022,21267,2022-03-13,211.112,60.133
2/27/2022,21267,2022-02-27,209.706,54.967
3/10/2022,21267,2022-03-10,207.19,59.833
2/26/2022,21267,2022-02-26,199.471,64.733
3/11/2022,21267,2022-03-11,199.427,65.967
3/20/2022,53383,2022-03-20,196.319,73.933
3/6/2022,47465,2022-03-06,189.4,83.9
3/3/2022,21267,2022-03-03,189.39,90.267
3/19/2022,21267,2022-03-19,189.316,86.233
3/5/2022,21267,2022-03-05,186.43,78.033
3/4/2022,21267,2022-03-04,181.797,80.267
3/2/2022,21267,2022-03-02,180.541,83.138
3/1/2022,53383,2022-03-01,179.53,73.433
3/14/2022,21267,2022-03-14,175.845,74.655
2/28/2022,53383,2022-02-28,171.642,68.7
3/1/2022,21267,2022-03-01,167.932,75.448
3/20/2022,21267,2022-03-20,166.903,79.867
3/15/2022,47595,2022-03-15,159.787,73.5
3/14/2022,31261,2022-03-14,155.377,61.033
3/2/2022,53383,2022-03-02,147.912,82.033
3/5/2022,52885,2022-03-05,146.683,78.833
2/26/2022,53383,2022-02-26,144.852,58.567
3/4/2022,38875,2022-03-04,144.333,77.1
3/3/2022,47555,2022-03-03,118.928,87.833
3/5/2022,55111,2022-03-05,115.485,75.286
3/18/2022,12787,2022-03-18,115.083,92.067
3/6/2022,2873,2022-03-06,110.632,89.433
3/7/2022,6020,2022-03-07,108.924,77.067
3/4/2022,12286,2022-03-04,106.908,70.267
2/25/2022,6020,2022-02-25,103.413,74.733
3/3/2022,4329,2022-03-03,101.242,88.6
3/3/2022,55111,2022-03-03,100.539,85.767
3/11/2022,36451,2022-03-11,99.05,76.667
2/27/2022,12807,2022-02-27,96.336,57.933
3/9/2022,12807,2022-03-09,94.313,70.423
3/19/2022,53383,2022-03-19,88.837,85.6
3/2/2022,55111,2022-03-02,86.733,78.148
3/5/2022,38875,2022-03-05,86.69,85.3
3/3/2022,6020,2022-03-03,83.494,86.267
3/14/2022,38917,2022-03-14,83.157,70.8
3/5/2022,4329,2022-03-05,79.086,78.933
3/3/2022,48459,2022-03-03,78.43,85.167
3/6/2022,4329,2022-03-06,77.293,87.267
3/6/2022,20809,2022-03-06,77.159,84.6
3/6/2022,47477,2022-03-06,74.832,87.467
3/4/2022,55111,2022-03-04,74.477,71.533
3/19/2022,2873,2022-03-19,73.833,87.1
3/16/2022,47633,2022-03-16,73.657,77.3
3/15/2022,12835,2022-03-15,73.418,75.633
3/6/2022,47487,2022-03-06,72.747,84.767
3/6/2022,11174,2022-03-06,72.567,86.033
3/9/2022,6020,2022-03-09,72.181,62.231
3/5/2022,39969,2022-03-05,72.103,78
2/24/2022,48745,2022-02-24,71.755,76.367
3/6/2022,11184,2022-03-06,71.586,90.5
3/5/2022,6112,2022-03-05,69.823,85.467
3/6/2022,55773,2022-03-06,69.429,83.667
2/21/2022,38917,2022-02-21,68.447,72.9
3/4/2022,52885,2022-03-04,68.016,72.433
3/6/2022,47469,2022-03-06,67.361,84.793
3/6/2022,47621,2022-03-06,65.957,84.633
3/6/2022,47481,2022-03-06,65.334,85.5
2/28/2022,7906,2022-02-28,65.292,80.9
3/6/2022,47495,2022-03-06,65.109,90.833
3/6/2022,1326,2022-03-06,64.93,80.7
3/18/2022,6020,2022-03-18,64.867,74.767
3/6/2022,11190,2022-03-06,64.734,84.633
3/6/2022,757,2022-03-06,64.366,87.7
3/6/2022,47617,2022-03-06,64.105,83.1
3/6/2022,47459,2022-03-06,63.986,87.9
3/6/2022,48745,2022-03-06,63.822,87.067
3/9/2022,7906,2022-03-09,63.8,75.033
2/24/2022,52885,2022-02-24,63.186,65.567
2/21/2022,38873,2022-02-21,63.161,69.8
2/28/2022,38917,2022-02-28,62.864,61.867
3/6/2022,6006,2022-03-06,61.901,85.2
3/6/2022,47505,2022-03-06,61.624,87.067
3/3/2022,12689,2022-03-03,61.606,93.067
3/6/2022,38917,2022-03-06,61.409,85.033
3/6/2022,28145,2022-03-06,61.373,83.933
3/18/2022,36451,2022-03-18,61.29,66.967
2/21/2022,5996,2022-02-21,60.984,-221
3/6/2022,12835,2022-03-06,60.965,87.567
3/9/2022,12691,2022-03-09,60.47,NA
3/9/2022,55111,2022-03-09,60.424,64
3/16/2022,4329,2022-03-16,60.354,78.633
3/6/2022,47641,2022-03-06,59.664,NA
2/24/2022,6020,2022-02-24,58.991,77.867
2/25/2022,11184,2022-02-25,58.204,80.333
3/6/2022,55111,2022-03-06,58.037,85.826
3/6/2022,28147,2022-03-06,57.253,87.867
3/6/2022,54093,2022-03-06,57.222,82.267
3/2/2022,52885,2022-03-02,57.195,82.833
3/6/2022,47529,2022-03-06,57.064,NA
3/1/2022,20809,2022-03-01,57.003,72.967
3/6/2022,54095,2022-03-06,56.775,89.6
3/6/2022,47633,2022-03-06,56.772,84.133
3/3/2022,38875,2022-03-03,56.732,95.267
2/25/2022,6006,2022-02-25,56.723,80.067
3/15/2022,5996,2022-03-15,55.917,-221
2/21/2022,47499,2022-02-21,55.787,81.6
3/6/2022,6022,2022-03-06,55.656,88.9
3/12/2022,6020,2022-03-12,55.435,68.833
2/25/2022,12721,2022-02-25,55.36,83.533
3/4/2022,48459,2022-03-04,55.283,78.033
3/5/2022,6022,2022-03-05,55.202,85.067
3/6/2022,12703,2022-03-06,55.087,84.8
3/6/2022,6028,2022-03-06,54.723,87.333
2/21/2022,47487,2022-02-21,54.702,72.667
3/6/2022,39969,2022-03-06,54.558,85
3/6/2022,11644,2022-03-06,54.355,88.067
3/18/2022,47615,2022-03-18,54.301,82.933
3/5/2022,6028,2022-03-05,54.283,83.267
3/16/2022,47481,2022-03-16,53.979,77.467
3/6/2022,6020,2022-03-06,53.972,78.867
3/16/2022,55111,2022-03-16,53.848,75.333
3/6/2022,5996,2022-03-06,53.484,-221
3/16/2022,6112,2022-03-16,53.443,81.367
3/6/2022,12689,2022-03-06,53.434,94.533
3/5/2022,12835,2022-03-05,53.004,82.8
3/6/2022,20521,2022-03-06,52.915,87.667
3/5/2022,20809,2022-03-05,52.856,78.433
3/3/2022,12286,2022-03-03,52.267,79
3/6/2022,38871,2022-03-06,52.039,84.7
3/6/2022,47555,2022-03-06,51.988,84.933
3/16/2022,6020,2022-03-16,51.52,74.167
3/16/2022,47641,2022-03-16,51.501,NA
3/16/2022,6006,2022-03-16,51.163,69.133
3/6/2022,12697,2022-03-06,51.138,83
3/5/2022,55773,2022-03-05,50.952,72.933
3/6/2022,47499,2022-03-06,50.796,90.267
3/2/2022,47555,2022-03-02,50.524,80.933
3/16/2022,6022,2022-03-16,50.302,71.733
3/3/2022,55773,2022-03-03,50.227,85.571
3/6/2022,52885,2022-03-06,50.215,83.133
3/4/2022,12807,2022-03-04,50.202,84.167
3/2/2022,47641,2022-03-02,49.979,NA
3/16/2022,6028,2022-03-16,49.921,69.7
3/5/2022,31261,2022-03-05,49.65,71.433
3/6/2022,47493,2022-03-06,49.421,89.4
2/21/2022,12691,2022-02-21,49.312,NA
3/5/2022,20521,2022-03-05,49.152,84.133
3/2/2022,47457,2022-03-02,48.906,82.667
2/21/2022,11180,2022-02-21,48.07,74
3/3/2022,12807,2022-03-03,47.913,104.7
2/25/2022,6022,2022-02-25,47.757,82.1
3/5/2022,6006,2022-03-05,47.669,77.667
3/5/2022,47481,2022-03-05,47.44,71.433
2/24/2022,3050,2022-02-24,47.377,76.433
3/6/2022,31261,2022-03-06,47.351,74.8
2/25/2022,6028,2022-02-25,47.286,80
2/24/2022,55111,2022-02-24,47.282,70.483
3/13/2022,38917,2022-03-13,47.176,55.433
2/22/2022,52885,2022-02-22,47.084,75.133
3/8/2022,47477,2022-03-08,46.958,80.867
3/3/2022,47465,2022-03-03,46.413,85
2/21/2022,12807,2022-02-21,46.293,88.3
3/16/2022,47493,2022-03-16,46.087,79.433
3/6/2022,47475,2022-03-06,45.886,-227
3/6/2022,36451,2022-03-06,45.802,80.84
3/5/2022,11174,2022-03-05,45.65,73.933
3/16/2022,47555,2022-03-16,45.614,78
3/10/2022,12835,2022-03-10,45.547,64.767
2/24/2022,12807,2022-02-24,45.468,75.767
3/6/2022,25561,2022-03-06,45.464,87.533
2/23/2022,52885,2022-02-23,45.459,75.1
3/3/2022,47487,2022-03-03,45.443,84.933
2/27/2022,38917,2022-02-27,45.252,53.133
3/5/2022,11184,2022-03-05,45.163,80.533
2/22/2022,6006,2022-02-22,44.971,79.633
3/16/2022,39969,2022-03-16,44.919,NA
2/22/2022,2873,2022-02-22,44.863,79.7
3/5/2022,11644,2022-03-05,44.832,75.7
3/6/2022,6008,2022-03-06,44.723,87.9
2/25/2022,46509,2022-02-25,44.709,58
2/25/2022,4329,2022-02-25,44.683,77.733
3/3/2022,12823,2022-03-03,44.575,99.433
3/19/2022,54093,2022-03-19,44.564,81.233
3/5/2022,47617,2022-03-05,44.529,74.483
3/16/2022,47499,2022-03-16,44.43,82.567
2/25/2022,20521,2022-02-25,44.425,82.233
3/3/2022,47459,2022-03-03,44.245,90.567
2/21/2022,55111,2022-02-21,44.225,74.107
3/6/2022,31619,2022-03-06,44.143,85.6
3/8/2022,6020,2022-03-08,44.046,68.067
3/16/2022,47475,2022-03-16,43.998,-227
3/16/2022,55773,2022-03-16,43.982,75.533
3/16/2022,47495,2022-03-16,43.934,77.233
3/6/2022,38873,2022-03-06,43.757,80.2
2/24/2022,7906,2022-02-24,43.738,80
3/16/2022,47483,2022-03-16,43.636,78.1
3/3/2022,6112,2022-03-03,43.6,91.833
3/3/2022,20809,2022-03-03,43.446,88.033
3/5/2022,6008,2022-03-05,43.369,81.1
3/16/2022,54095,2022-03-16,43.263,79.067
2/21/2022,47633,2022-02-21,43.249,74.036
3/3/2022,7906,2022-03-03,43.226,90.867
3/6/2022,15587,2022-03-06,43.189,89.7
3/6/2022,15591,2022-03-06,42.988,86.067
3/7/2022,36451,2022-03-07,42.984,75.133
3/11/2022,47481,2022-03-11,42.938,64.533
3/16/2022,47529,2022-03-16,42.84,NA
3/6/2022,12867,2022-03-06,42.553,84.867
3/3/2022,5988,2022-03-03,42.539,99.133
3/3/2022,2873,2022-03-03,42.491,94.667
3/16/2022,11184,2022-03-16,42.486,76.167
3/5/2022,12787,2022-03-05,42.353,85.567
3/5/2022,36451,2022-03-05,42.27,82.933
3/16/2022,57681,2022-03-16,42.266,76.1
3/6/2022,45621,2022-03-06,42.139,84.733
3/16/2022,25561,2022-03-16,42.089,74.533
2/27/2022,7906,2022-02-27,41.947,60.9
2/21/2022,6020,2022-02-21,41.93,68.167
3/16/2022,47457,2022-03-16,41.887,78.933
2/21/2022,38871,2022-02-21,41.879,69.033
3/15/2022,6112,2022-03-15,41.851,85.033
3/16/2022,48745,2022-03-16,41.791,80
3/4/2022,1138,2022-03-04,41.722,NA
3/5/2022,47477,2022-03-05,41.533,80.367
3/2/2022,55773,2022-03-02,41.494,78.5
3/6/2022,47457,2022-03-06,41.489,86.633
2/21/2022,1326,2022-02-21,41.471,72.067
3/15/2022,12689,2022-03-15,41.466,76.9
2/24/2022,12721,2022-02-24,41.46,68.467
3/16/2022,15587,2022-03-16,41.435,79.733
3/16/2022,12835,2022-03-16,41.417,69.1
3/5/2022,7906,2022-03-05,41.367,82.9
3/5/2022,47469,2022-03-05,41.366,74.933
3/16/2022,47621,2022-03-16,41.337,78.667
3/9/2022,4329,2022-03-09,41.317,70
3/16/2022,47465,2022-03-16,41.109,75.433
3/5/2022,12697,2022-03-05,41.011,77.8
3/2/2022,15587,2022-03-02,40.82,87.267
3/5/2022,54095,2022-03-05,40.759,77.367
3/3/2022,5996,2022-03-03,40.686,-221
3/1/2022,5872,2022-03-01,40.632,89.533
2/25/2022,52885,2022-02-25,40.628,71.7
2/25/2022,20809,2022-02-25,40.456,79.833
3/5/2022,47529,2022-03-05,40.308,NA
3/9/2022,48745,2022-03-09,40.29,70.9
3/2/2022,54095,2022-03-02,40.284,88.1
3/2/2022,6112,2022-03-02,40.185,85.533
3/11/2022,47477,2022-03-11,40.093,78.8
3/5/2022,47505,2022-03-05,40.081,78.433
3/9/2022,38875,2022-03-09,40.024,85.7
3/16/2022,2873,2022-03-16,39.964,78.833
3/5/2022,28147,2022-03-05,39.836,77.433
3/5/2022,47459,2022-03-05,39.708,76.3
2/22/2022,12867,2022-02-22,39.603,80.667
2/23/2022,12689,2022-02-23,39.595,89
3/16/2022,47615,2022-03-16,39.556,77.5
3/5/2022,47641,2022-03-05,39.553,NA
3/16/2022,38917,2022-03-16,39.499,78.367
3/16/2022,6008,2022-03-16,39.476,75.367
2/28/2022,12823,2022-02-28,39.431,87.7
3/18/2022,47457,2022-03-18,39.34,83.933
3/16/2022,47617,2022-03-16,39.326,75.867
3/16/2022,47487,2022-03-16,39.179,74.897
3/3/2022,15591,2022-03-03,39.171,90.2
3/16/2022,37403,2022-03-16,39.125,76.8
3/16/2022,15591,2022-03-16,38.975,80.867
3/16/2022,47459,2022-03-16,38.963,76.8
3/2/2022,5996,2022-03-02,38.898,-221
3/3/2022,15587,2022-03-03,38.891,94.467
3/16/2022,47505,2022-03-16,38.864,78.733
3/16/2022,47581,2022-03-16,38.848,79.6
3/16/2022,47469,2022-03-16,38.847,77.586
3/11/2022,55111,2022-03-11,38.821,68.6
3/3/2022,47495,2022-03-03,38.799,96.167
3/5/2022,5996,2022-03-05,38.785,-221
3/3/2022,3050,2022-03-03,38.75,89.233
3/15/2022,39969,2022-03-15,38.627,NA
3/6/2022,37403,2022-03-06,38.478,86.4
3/3/2022,47641,2022-03-03,38.437,NA
3/5/2022,1326,2022-03-05,38.436,82.067
3/5/2022,47495,2022-03-05,38.301,82.933
3/17/2022,12835,2022-03-17,38.248,85.233
3/16/2022,28147,2022-03-16,38.124,78.867
3/3/2022,47621,2022-03-03,37.989,83.367
2/24/2022,6006,2022-02-24,37.971,65.933
3/16/2022,757,2022-03-16,37.821,78.967
3/3/2022,12691,2022-03-03,37.769,NA
2/21/2022,52885,2022-02-21,37.757,70.833
3/16/2022,31619,2022-03-16,37.753,76.367
3/16/2022,5988,2022-03-16,37.734,87.667
3/5/2022,11190,2022-03-05,37.708,73.9
3/5/2022,47633,2022-03-05,37.663,73.8
3/3/2022,11174,2022-03-03,37.577,92.567
3/5/2022,47493,2022-03-05,37.474,77.367
3/16/2022,5996,2022-03-16,37.411,-221
3/11/2022,6006,2022-03-11,37.295,71.333
3/16/2022,20521,2022-03-16,37.292,68.5
3/5/2022,757,2022-03-05,37.222,76.267
3/17/2022,12697,2022-03-17,37.198,80.567
3/3/2022,11180,2022-03-03,37.181,84.857
3/8/2022,52885,2022-03-08,37.16,74.267
3/15/2022,38917,2022-03-15,37.148,76.233
3/5/2022,47621,2022-03-05,37.114,73.8
2/24/2022,47555,2022-02-24,36.992,70.133
3/16/2022,47477,2022-03-16,36.981,77.767
3/1/2022,757,2022-03-01,36.978,77.733
3/11/2022,1326,2022-03-11,36.976,75.433
3/15/2022,47457,2022-03-15,36.938,78.103
3/3/2022,11184,2022-03-03,36.872,93.6
2/27/2022,47493,2022-02-27,36.834,53.8
3/11/2022,6008,2022-03-11,36.81,74.533
3/6/2022,5872,2022-03-06,36.741,87.1
3/3/2022,47505,2022-03-03,36.713,89
3/15/2022,6008,2022-03-15,36.684,81.067
3/5/2022,6020,2022-03-05,36.679,80.733
3/6/2022,1334,2022-03-06,36.592,75.5
3/3/2022,47469,2022-03-03,36.469,86.333
2/28/2022,47617,2022-02-28,36.429,62.867
3/6/2022,47581,2022-03-06,36.368,92.067
3/3/2022,28147,2022-03-03,36.218,90.9
3/3/2022,47615,2022-03-03,36.213,85.767
3/5/2022,38917,2022-03-05,36.192,76.933
2/24/2022,31619,2022-02-24,36.167,66.6
3/14/2022,47595,2022-03-14,36.155,67
3/15/2022,12697,2022-03-15,36.154,75.767
2/24/2022,12691,2022-02-24,36.133,NA
2/24/2022,47481,2022-02-24,36.124,68.8
3/5/2022,47555,2022-03-05,35.95,74.467
3/3/2022,757,2022-03-03,35.939,92
3/3/2022,54095,2022-03-03,35.867,94.967
3/18/2022,28147,2022-03-18,35.75,84.4
2/21/2022,4329,2022-02-21,35.727,77.867
2/21/2022,12835,2022-02-21,35.703,70.667
3/11/2022,47493,2022-03-11,35.598,67.167
3/3/2022,47477,2022-03-03,35.567,94.233
3/5/2022,12703,2022-03-05,35.557,80.333
3/5/2022,12689,2022-03-05,35.261,88.067
3/11/2022,55773,2022-03-11,35.19,66.5
2/25/2022,6112,2022-02-25,35.15,84.933
3/5/2022,47487,2022-03-05,35.14,73.967
3/5/2022,12823,2022-03-05,35.114,75.567
3/2/2022,28147,2022-03-02,34.992,84.6
3/11/2022,52885,2022-03-11,34.941,67.567
3/3/2022,31619,2022-03-03,34.933,89.133
3/6/2022,12807,2022-03-06,34.928,95.433
3/16/2022,11190,2022-03-16,34.85,75.733
2/25/2022,39969,2022-02-25,34.813,79
2/22/2022,5872,2022-02-22,34.804,88.367
2/25/2022,55111,2022-02-25,34.804,82.433
3/5/2022,48459,2022-03-05,34.731,81.4
3/16/2022,28145,2022-03-16,34.681,76.1
3/6/2022,1138,2022-03-06,34.677,NA
3/15/2022,47481,2022-03-15,34.677,82.933
3/6/2022,12747,2022-03-06,34.63,73.6
3/6/2022,6112,2022-03-06,34.623,92.233
2/24/2022,46509,2022-02-24,34.589,63.633
2/28/2022,31261,2022-02-28,34.563,57.862
3/16/2022,52885,2022-03-16,34.453,67.9
2/21/2022,757,2022-02-21,34.353,78.767
3/9/2022,47477,2022-03-09,34.334,66.967
3/8/2022,38917,2022-03-08,34.257,75.621
3/5/2022,38873,2022-03-05,34.238,74.7
3/11/2022,12697,2022-03-11,34.155,70
3/18/2022,6006,2022-03-18,34.03,81.633
3/17/2022,38917,2022-03-17,34,75.7
3/5/2022,12747,2022-03-05,33.937,76.533
3/9/2022,3050,2022-03-09,33.927,67.8
2/27/2022,47475,2022-02-27,33.87,-227
2/21/2022,48745,2022-02-21,33.82,75.286
2/26/2022,6006,2022-02-26,33.819,69.667
3/5/2022,12286,2022-03-05,33.786,81.552
3/15/2022,55773,2022-03-15,33.786,73.467
3/6/2022,6004,2022-03-06,33.783,86.767
2/26/2022,54093,2022-02-26,33.702,58.533
3/8/2022,11644,2022-03-08,33.695,85
2/21/2022,5988,2022-02-21,33.689,85.833
3/5/2022,12867,2022-03-05,33.648,80.067
2/22/2022,6112,2022-02-22,33.599,87.133
2/24/2022,5996,2022-02-24,33.578,-221
3/11/2022,5996,2022-03-11,33.514,-221
3/5/2022,48745,2022-03-05,33.471,77.067
2/24/2022,757,2022-02-24,33.399,71.933
3/16/2022,11644,2022-03-16,33.319,76.167
3/6/2022,48459,2022-03-06,33.256,87.533
2/25/2022,47633,2022-02-25,33.201,74.172
3/16/2022,20809,2022-03-16,33.091,68.733
2/21/2022,53383,2022-02-21,33.051,74.433
2/24/2022,11184,2022-02-24,32.998,72.933
3/17/2022,6006,2022-03-17,32.994,81.8
3/1/2022,55111,2022-03-01,32.991,70.267
2/23/2022,1138,2022-02-23,32.943,NA
3/5/2022,31619,2022-03-05,32.902,72.633
3/18/2022,12823,2022-03-18,32.885,91.167
3/3/2022,47481,2022-03-03,32.864,91.867
3/16/2022,54093,2022-03-16,32.859,73.967
3/5/2022,1334,2022-03-05,32.789,73.267
3/5/2022,47465,2022-03-05,32.774,72.9
3/16/2022,12697,2022-03-16,32.691,75.967
2/23/2022,6020,2022-02-23,32.643,82.633
3/2/2022,47617,2022-03-02,32.563,77.8
3/16/2022,38873,2022-03-16,32.553,73.5
3/16/2022,45621,2022-03-16,32.499,75.633
2/24/2022,47499,2022-02-24,32.394,75.1
2/21/2022,11184,2022-02-21,32.329,80
3/1/2022,52885,2022-03-01,32.288,74.367
2/22/2022,25561,2022-02-22,32.168,76.933
2/27/2022,47633,2022-02-27,32.166,52.966
3/5/2022,15587,2022-03-05,32.147,80.9
3/11/2022,47457,2022-03-11,32.137,67.167
3/4/2022,6112,2022-03-04,32.126,81.067
3/11/2022,47475,2022-03-11,32.104,-227
2/23/2022,55111,2022-02-23,32.1,78.7
2/25/2022,47555,2022-02-25,32.066,75.967
3/3/2022,11190,2022-03-03,32.017,86.333
3/3/2022,47617,2022-03-03,31.987,85.333
3/5/2022,1138,2022-03-05,31.968,NA
2/24/2022,12703,2022-02-24,31.963,68.633
2/21/2022,47469,2022-02-21,31.956,74.5
2/24/2022,11174,2022-02-24,31.859,71.4
2/28/2022,28147,2022-02-28,31.83,72.267
2/27/2022,6008,2022-02-27,31.72,56.867
3/1/2022,47457,2022-03-01,31.707,74.667
2/23/2022,12835,2022-02-23,31.655,80.5
3/7/2022,1138,2022-03-07,31.613,NA
2/21/2022,47493,2022-02-21,31.567,82.4
2/24/2022,5988,2022-02-24,31.551,73.467
3/11/2022,57681,2022-03-11,31.537,64.7
3/17/2022,6020,2022-03-17,31.525,81.067
3/4/2022,3050,2022-03-04,31.513,76.4
2/25/2022,47493,2022-02-25,31.484,76.7
2/27/2022,52885,2022-02-27,31.472,51.767
2/24/2022,47505,2022-02-24,31.401,69.5
3/5/2022,47581,2022-03-05,31.363,75.733
2/27/2022,47481,2022-02-27,31.352,52.633
3/9/2022,47633,2022-03-09,31.269,66.067
2/27/2022,47555,2022-02-27,31.258,55.828
3/14/2022,47617,2022-03-14,31.112,71.433
3/5/2022,15591,2022-03-05,31.064,75
2/27/2022,55773,2022-02-27,31.033,49.967
3/15/2022,38871,2022-03-15,31.033,78.567
3/5/2022,47475,2022-03-05,30.967,-227
3/1/2022,38871,2022-03-01,30.879,73.767
2/24/2022,55773,2022-02-24,30.858,67.233
3/10/2022,6020,2022-03-10,30.742,72.2
3/4/2022,6020,2022-03-04,30.733,86.8
3/11/2022,37403,2022-03-11,30.714,64.8
2/23/2022,12807,2022-02-23,30.595,83.033
2/24/2022,47641,2022-02-24,30.567,NA
3/5/2022,47499,2022-03-05,30.558,78.767
3/17/2022,38873,2022-03-17,30.511,79.3
2/25/2022,11174,2022-02-25,30.506,75.8
2/22/2022,6008,2022-02-22,30.401,76.033
2/27/2022,47641,2022-02-27,30.362,NA
2/23/2022,6008,2022-02-23,30.274,85.8
3/19/2022,5996,2022-03-19,30.252,-221
2/25/2022,12703,2022-02-25,30.249,81.867
3/8/2022,4329,2022-03-08,30.156,83.1
2/25/2022,47641,2022-02-25,30.13,NA
2/25/2022,54095,2022-02-25,30.002,79.1
3/3/2022,47529,2022-03-03,29.985,NA
3/4/2022,31261,2022-03-04,29.984,69.931
3/11/2022,20521,2022-03-11,29.935,74.967
2/25/2022,47499,2022-02-25,29.929,80.233
2/25/2022,47469,2022-02-25,29.83,73.467
2/24/2022,47633,2022-02-24,29.758,67.5
2/25/2022,12823,2022-02-25,29.731,74.433
2/24/2022,47469,2022-02-24,29.701,67.828
3/19/2022,55773,2022-03-19,29.643,80.3
3/9/2022,31619,2022-03-09,29.547,64.567
2/27/2022,47457,2022-02-27,29.512,54.533
2/23/2022,12691,2022-02-23,29.497,NA
3/3/2022,45621,2022-03-03,29.474,84.9
2/24/2022,20521,2022-02-24,29.469,66.633
2/25/2022,55773,2022-02-25,29.468,73.767
2/24/2022,4329,2022-02-24,29.465,71.567
2/24/2022,47487,2022-02-24,29.45,68.4
2/27/2022,4329,2022-02-27,29.365,56.933
3/16/2022,12689,2022-03-16,29.342,67.833
2/24/2022,47477,2022-02-24,29.337,69.5
3/2/2022,47481,2022-03-02,29.322,89.733
2/27/2022,47499,2022-02-27,29.28,59.7
3/19/2022,6020,2022-03-19,29.16,68.233
3/11/2022,5988,2022-03-11,29.157,76.567
3/12/2022,47495,2022-03-12,29.121,65.967
2/27/2022,38875,2022-02-27,29.088,54.233
2/27/2022,20809,2022-02-27,29.053,57.9
3/11/2022,47633,2022-03-11,29.046,66.31
3/1/2022,6112,2022-03-01,29.039,77.633
3/3/2022,47493,2022-03-03,29.011,94.8
2/27/2022,12721,2022-02-27,28.967,59.1
3/12/2022,55111,2022-03-12,28.967,67.5
2/25/2022,47475,2022-02-25,28.937,-227
2/27/2022,15587,2022-02-27,28.912,54
2/24/2022,47459,2022-02-24,28.869,70.533
3/9/2022,12286,2022-03-09,28.821,79.6
2/22/2022,47481,2022-02-22,28.765,76.5
2/25/2022,47481,2022-02-25,28.741,74.1
2/21/2022,6006,2022-02-21,28.738,71.9
2/23/2022,39969,2022-02-23,28.723,77
3/19/2022,47477,2022-03-19,28.666,83.433
3/20/2022,47595,2022-03-20,28.658,71.5
3/4/2022,5988,2022-03-04,28.644,80.533
3/15/2022,28145,2022-03-15,28.634,75.933
2/27/2022,11184,2022-02-27,28.592,56.367
2/25/2022,47457,2022-02-25,28.572,75.4
3/15/2022,5872,2022-03-15,28.557,83.967
2/27/2022,54095,2022-02-27,28.551,52.867
2/25/2022,47495,2022-02-25,28.528,78.233
3/5/2022,54093,2022-03-05,28.514,73.1
3/11/2022,11184,2022-03-11,28.497,74.4
2/24/2022,12787,2022-02-24,28.47,76
3/11/2022,12823,2022-03-11,28.457,68.9
2/27/2022,47459,2022-02-27,28.449,54.967
2/25/2022,3050,2022-02-25,28.447,86.267
2/27/2022,28147,2022-02-27,28.437,51.833
3/11/2022,47483,2022-03-11,28.419,71.967
2/27/2022,5988,2022-02-27,28.377,54.034
2/27/2022,38873,2022-02-27,28.373,47.8
3/12/2022,47483,2022-03-12,28.285,63.3
2/28/2022,38875,2022-02-28,28.284,73.6
3/14/2022,1326,2022-03-14,28.274,72.4
2/27/2022,5996,2022-02-27,28.272,-221
3/5/2022,37403,2022-03-05,28.27,73.8
3/17/2022,38871,2022-03-17,28.204,83.433
3/19/2022,47457,2022-03-19,28.198,86.633
3/5/2022,25561,2022-03-05,28.137,77.467
3/15/2022,47617,2022-03-15,28.116,75.167
2/27/2022,47617,2022-02-27,28.104,51
2/25/2022,12835,2022-02-25,28.084,79.267
3/12/2022,47493,2022-03-12,28.084,66.567
2/25/2022,15587,2022-02-25,27.999,78.567
3/19/2022,47469,2022-03-19,27.981,83.667
3/3/2022,47581,2022-03-03,27.966,100.433
3/15/2022,11184,2022-03-15,27.927,81.767
2/27/2022,47469,2022-02-27,27.919,53.567
3/19/2022,47459,2022-03-19,27.872,85.833
2/24/2022,6022,2022-02-24,27.829,69.433
3/17/2022,20809,2022-03-17,27.733,80.867
3/16/2022,1138,2022-03-16,27.726,NA
2/21/2022,47475,2022-02-21,27.69,-227
2/22/2022,38871,2022-02-22,27.602,72.6
2/27/2022,11174,2022-02-27,27.592,55
3/2/2022,38875,2022-03-02,27.592,86.533
3/19/2022,47493,2022-03-19,27.579,87.933
3/16/2022,12807,2022-03-16,27.572,87.333
3/17/2022,6008,2022-03-17,27.53,88.533
3/5/2022,47457,2022-03-05,27.526,75
3/12/2022,47633,2022-03-12,27.522,64.786
2/25/2022,47529,2022-02-25,27.509,NA
3/11/2022,28145,2022-03-11,27.509,61
3/7/2022,6004,2022-03-07,27.504,72.3
2/24/2022,54095,2022-02-24,27.482,67.767
2/27/2022,15591,2022-02-27,27.442,56.3
3/11/2022,47617,2022-03-11,27.439,65.367
3/16/2022,3050,2022-03-16,27.426,77.333
2/21/2022,46509,2022-02-21,27.421,72.633
2/27/2022,12835,2022-02-27,27.417,57.8
3/11/2022,25561,2022-03-11,27.403,69.4
3/9/2022,38917,2022-03-09,27.395,62.4
2/27/2022,47505,2022-02-27,27.391,53.867
2/24/2022,15587,2022-02-24,27.364,71.067
2/21/2022,11174,2022-02-21,27.352,78.633
3/18/2022,55111,2022-03-18,27.315,82
2/25/2022,47505,2022-02-25,27.305,77.167
3/12/2022,47475,2022-03-12,27.295,-227
2/25/2022,15591,2022-02-25,27.274,76.6
2/25/2022,47617,2022-02-25,27.26,72.133
3/15/2022,47475,2022-03-15,27.253,-227
3/11/2022,39969,2022-03-11,27.248,73.433
3/16/2022,12703,2022-03-16,27.212,71.533
3/3/2022,47457,2022-03-03,27.21,89.433
3/15/2022,757,2022-03-15,27.203,80.9
2/24/2022,28147,2022-02-24,27.187,66.033
3/15/2022,38873,2022-03-15,27.168,75.067
2/22/2022,48745,2022-02-22,27.165,80.533
2/22/2022,12697,2022-02-22,27.155,75.933
2/25/2022,5996,2022-02-25,27.12,-221
3/3/2022,53383,2022-03-03,27.109,66.967
2/24/2022,20809,2022-02-24,27.093,67.7
3/19/2022,47529,2022-03-19,27.086,NA
3/1/2022,1138,2022-03-01,27.084,NA
2/26/2022,12691,2022-02-26,27.078,NA
3/11/2022,47465,2022-03-11,27.031,63
3/11/2022,47495,2022-03-11,26.997,78.1
3/16/2022,7906,2022-03-16,26.981,78.567
2/25/2022,25561,2022-02-25,26.956,70.667
2/21/2022,55773,2022-02-21,26.943,73.533
2/21/2022,28147,2022-02-21,26.935,78.767
2/27/2022,31619,2022-02-27,26.874,52.7
2/25/2022,47459,2022-02-25,26.854,75.931
3/2/2022,3050,2022-03-02,26.839,81.467
3/3/2022,47475,2022-03-03,26.829,-227
3/12/2022,55773,2022-03-12,26.812,61.4
2/21/2022,31619,2022-02-21,26.791,76.233
3/3/2022,12787,2022-03-03,26.781,99.5
3/11/2022,38917,2022-03-11,26.781,69
3/19/2022,47475,2022-03-19,26.777,-227
3/12/2022,47555,2022-03-12,26.767,65.133
2/24/2022,47493,2022-02-24,26.755,70.333
3/11/2022,12835,2022-03-11,26.748,74.433
3/17/2022,12689,2022-03-17,26.737,86.6
2/25/2022,31619,2022-02-25,26.735,74.9
3/5/2022,38871,2022-03-05,26.704,78.7
3/1/2022,12697,2022-03-01,26.693,70.967
2/22/2022,12286,2022-02-22,26.669,80.414
2/27/2022,47621,2022-02-27,26.66,52.767
3/5/2022,2873,2022-03-05,26.658,78.8
2/23/2022,38871,2022-02-23,26.656,76.967
3/3/2022,47633,2022-03-03,26.65,86.467
3/11/2022,47505,2022-03-11,26.619,71.6
3/6/2022,47559,2022-03-06,26.574,91.6
3/19/2022,47505,2022-03-19,26.545,86.067
3/2/2022,15591,2022-03-02,26.541,83.7
3/15/2022,47493,2022-03-15,26.541,84.586
2/24/2022,6028,2022-02-24,26.501,67.3
3/1/2022,47475,2022-03-01,26.492,-227
2/27/2022,47529,2022-02-27,26.44,NA
3/2/2022,47499,2022-03-02,26.44,85.533
2/27/2022,6006,2022-02-27,26.439,58.6
2/21/2022,47617,2022-02-21,26.398,73.033
2/25/2022,28147,2022-02-25,26.391,75.2
2/28/2022,12721,2022-02-28,26.39,70.067
3/19/2022,57681,2022-03-19,26.34,82.833
3/18/2022,1334,2022-03-18,26.287,66
2/27/2022,47495,2022-02-27,26.28,54.2
3/10/2022,12823,2022-03-10,26.255,58.867
3/11/2022,6028,2022-03-11,26.245,71.267
3/11/2022,6022,2022-03-11,26.237,73.167
3/9/2022,5996,2022-03-09,26.184,-221
3/12/2022,47529,2022-03-12,26.142,NA
2/21/2022,12721,2022-02-21,26.095,74.433
3/1/2022,12835,2022-03-01,26.069,77.7
3/11/2022,54093,2022-03-11,26,61.367
3/2/2022,31619,2022-03-02,25.986,80.966
2/25/2022,37403,2022-02-25,25.984,72.3
3/15/2022,57681,2022-03-15,25.981,74.933
3/5/2022,28145,2022-03-05,25.979,74.2
3/12/2022,11184,2022-03-12,25.957,65.6
3/13/2022,55773,2022-03-13,25.949,53.767
2/21/2022,6022,2022-02-21,25.903,78.067
3/12/2022,47481,2022-03-12,25.856,63.9
3/2/2022,12286,2022-03-02,25.855,80
3/4/2022,1326,2022-03-04,25.846,78.133
3/9/2022,55773,2022-03-09,25.815,62.633
2/25/2022,11190,2022-02-25,25.793,73.4
2/22/2022,11190,2022-02-22,25.777,77.421
2/27/2022,12691,2022-02-27,25.766,NA
2/27/2022,12697,2022-02-27,25.761,57.867
3/19/2022,47481,2022-03-19,25.749,81.333
2/24/2022,47475,2022-02-24,25.654,-227
3/6/2022,47615,2022-03-06,25.64,85.885
3/16/2022,38871,2022-03-16,25.609,66.933
3/3/2022,5872,2022-03-03,25.605,85.933
3/3/2022,1138,2022-03-03,25.593,NA
2/27/2022,48745,2022-02-27,25.545,58.233
3/19/2022,47595,2022-03-19,25.53,79.5
3/15/2022,12759,2022-03-15,25.475,86.167
3/19/2022,11184,2022-03-19,25.448,90.233
2/24/2022,12867,2022-02-24,25.445,70.533
3/11/2022,47499,2022-03-11,25.432,71.833
2/28/2022,55111,2022-02-28,25.421,61.8
3/16/2022,12823,2022-03-16,25.402,87.333
3/7/2022,1326,2022-03-07,25.394,77.433
2/21/2022,6028,2022-02-21,25.389,76
3/7/2022,31261,2022-03-07,25.378,68.767
2/25/2022,47477,2022-02-25,25.334,81.333
3/18/2022,47499,2022-03-18,25.3,88.167
2/25/2022,12747,2022-02-25,25.296,81.767
3/12/2022,12689,2022-03-12,25.285,61.067
3/9/2022,47499,2022-03-09,25.278,72.967
3/19/2022,15591,2022-03-19,25.26,83.367
2/25/2022,12691,2022-02-25,25.254,NA
3/11/2022,15587,2022-03-11,25.232,76.367
3/13/2022,47595,2022-03-13,25.23,54
2/24/2022,15591,2022-02-24,25.195,72.367
2/25/2022,12867,2022-02-25,25.147,82.467
3/9/2022,47481,2022-03-09,25.103,65.567
2/24/2022,47457,2022-02-24,25.091,68.933
3/15/2022,31619,2022-03-15,25.082,77.267
3/11/2022,12286,2022-03-11,25.081,62.733
2/22/2022,47617,2022-02-22,25.069,76.067
3/7/2022,20809,2022-03-07,25.069,86.033
3/9/2022,47555,2022-03-09,25.046,66.767
2/27/2022,12823,2022-02-27,25.026,53.7
2/21/2022,47481,2022-02-21,25.025,83.767
3/5/2022,3050,2022-03-05,25.023,79.967
3/14/2022,12689,2022-03-14,25.021,81.967
3/15/2022,52885,2022-03-15,24.994,77
3/11/2022,47459,2022-03-11,24.958,68.767
3/5/2022,45621,2022-03-05,24.936,74
3/1/2022,47493,2022-03-01,24.914,80.833
3/6/2022,5988,2022-03-06,24.882,95.6
2/27/2022,37403,2022-02-27,24.873,52.133
3/15/2022,5988,2022-03-15,24.872,88.733
3/18/2022,38873,2022-03-18,24.862,78.433
3/18/2022,12807,2022-03-18,24.86,98.267
3/9/2022,15587,2022-03-09,24.85,69.8
3/17/2022,6022,2022-03-17,24.849,88.167
3/12/2022,47487,2022-03-12,24.841,62
2/24/2022,47617,2022-02-24,24.817,67.267
2/27/2022,6022,2022-02-27,24.754,59.8
2/23/2022,12697,2022-02-23,24.731,77.767
2/25/2022,47621,2022-02-25,24.717,69.2
3/13/2022,6020,2022-03-13,24.711,61.4
2/25/2022,1138,2022-02-25,24.699,NA
3/19/2022,28147,2022-03-19,24.693,84.567
2/21/2022,20809,2022-02-21,24.687,71.5
3/12/2022,47621,2022-03-12,24.671,62.333
2/26/2022,11190,2022-02-26,24.669,69.367
3/12/2022,1138,2022-03-12,24.664,NA
3/1/2022,12689,2022-03-01,24.604,84.167
3/5/2022,6004,2022-03-05,24.577,84.433
3/11/2022,20809,2022-03-11,24.562,69.9
3/12/2022,54095,2022-03-12,24.541,64.2
3/8/2022,38875,2022-03-08,24.519,80.967
3/12/2022,47505,2022-03-12,24.511,64.867
3/6/2022,12759,2022-03-06,24.489,88.833
3/12/2022,4329,2022-03-12,24.459,67.9
3/1/2022,25561,2022-03-01,24.437,74.9
2/27/2022,54093,2022-02-27,24.425,51.667
2/27/2022,20521,2022-02-27,24.41,57.167
2/28/2022,6112,2022-02-28,24.392,71.967
2/22/2022,47495,2022-02-22,24.391,79.267
3/12/2022,28147,2022-03-12,24.357,63.1
3/12/2022,57681,2022-03-12,24.336,64.6
2/28/2022,20809,2022-02-28,24.304,66
3/5/2022,47615,2022-03-05,24.285,77.733
3/19/2022,47633,2022-03-19,24.272,82.5
3/12/2022,38917,2022-03-12,24.264,60
3/12/2022,47465,2022-03-12,24.254,62.267
3/14/2022,1334,2022-03-14,24.251,65.4
3/11/2022,15591,2022-03-11,24.242,68.2
3/15/2022,47469,2022-03-15,24.194,75.533
2/22/2022,28147,2022-02-22,24.166,77.067
3/15/2022,28147,2022-03-15,24.149,78.733
2/23/2022,12747,2022-02-23,24.132,84.633
2/24/2022,47529,2022-02-24,24.118,NA
3/17/2022,6028,2022-03-17,24.105,86.4
2/21/2022,11190,2022-02-21,24.102,75
3/19/2022,47555,2022-03-19,24.097,83.067
3/15/2022,48745,2022-03-15,24.079,76.233
3/3/2022,11644,2022-03-03,24.076,90.567
2/24/2022,6112,2022-02-24,24.059,76.9
3/18/2022,47481,2022-03-18,24.047,89.2
3/14/2022,11644,2022-03-14,24.021,73.067
3/12/2022,7906,2022-03-12,24.02,72.933
3/15/2022,25561,2022-03-15,24.011,76.3
3/18/2022,57681,2022-03-18,24.008,81.733
3/1/2022,47481,2022-03-01,23.998,80.667
2/21/2022,47459,2022-02-21,23.946,78.433
3/11/2022,47555,2022-03-11,23.944,67.862
3/8/2022,1326,2022-03-08,23.94,74.1
2/22/2022,38873,2022-02-22,23.935,69.067
3/12/2022,37403,2022-03-12,23.934,64.267
3/9/2022,15591,2022-03-09,23.919,69.8
2/27/2022,6028,2022-02-27,23.915,57.767
3/12/2022,47499,2022-03-12,23.863,71.233
2/24/2022,38875,2022-02-24,23.856,72.867
3/7/2022,12689,2022-03-07,23.842,80.233
3/15/2022,47495,2022-03-15,23.836,80.467
2/21/2022,54095,2022-02-21,23.825,79.367
2/24/2022,39969,2022-02-24,23.814,75.9
3/11/2022,54095,2022-03-11,23.794,70
3/15/2022,1326,2022-03-15,23.779,71.167
3/12/2022,47641,2022-03-12,23.778,NA
2/27/2022,28145,2022-02-27,23.768,50.933
3/17/2022,20521,2022-03-17,23.74,84.667
2/25/2022,5988,2022-02-25,23.718,81.533
2/22/2022,6022,2022-02-22,23.713,81.5
3/18/2022,31619,2022-03-18,23.699,82.833
2/25/2022,12807,2022-02-25,23.695,95.9
3/10/2022,38917,2022-03-10,23.69,54
3/12/2022,47469,2022-03-12,23.683,64.033
2/25/2022,11180,2022-02-25,23.68,75.375
3/11/2022,11190,2022-03-11,23.597,65.933
3/3/2022,47499,2022-03-03,23.593,92.9
3/15/2022,47505,2022-03-15,23.59,75.767
2/27/2022,25561,2022-02-27,23.585,52.8
2/27/2022,47477,2022-02-27,23.573,52.8
3/18/2022,12691,2022-03-18,23.567,NA
3/18/2022,47633,2022-03-18,23.537,81.966
2/25/2022,47487,2022-02-25,23.504,69.767
3/2/2022,12721,2022-03-02,23.504,86.5
3/19/2022,15587,2022-03-19,23.504,88.333
3/7/2022,6008,2022-03-07,23.476,85.033
3/7/2022,12747,2022-03-07,23.46,69.6
3/15/2022,47459,2022-03-15,23.414,80.667
3/15/2022,47633,2022-03-15,23.414,75.233
3/18/2022,1326,2022-03-18,23.414,72.267
3/15/2022,37403,2022-03-15,23.39,79.233
3/8/2022,6112,2022-03-08,23.388,89.233
3/19/2022,47617,2022-03-19,23.388,81.867
3/2/2022,12807,2022-03-02,23.384,101.4
2/22/2022,6028,2022-02-22,23.378,79.633
3/16/2022,12691,2022-03-16,23.378,NA
3/8/2022,6006,2022-03-08,23.373,77.967
3/11/2022,12807,2022-03-11,23.358,76.133
2/27/2022,11190,2022-02-27,23.34,55.133
3/15/2022,47487,2022-03-15,23.327,75.067
3/10/2022,12787,2022-03-10,23.298,65.367
2/24/2022,12835,2022-02-24,23.291,69.633
3/19/2022,11644,2022-03-19,23.282,84.767
3/11/2022,47469,2022-03-11,23.273,64.967
2/25/2022,12697,2022-02-25,23.263,74.033
2/24/2022,12697,2022-02-24,23.194,69.633
3/11/2022,47529,2022-03-11,23.191,NA
3/3/2022,31261,2022-03-03,23.156,70.233
3/3/2022,39969,2022-03-03,23.144,84.967
2/22/2022,12721,2022-02-22,23.125,79.8
3/19/2022,37403,2022-03-19,23.106,83.7
3/8/2022,1138,2022-03-08,23.105,NA
3/11/2022,38871,2022-03-11,23.103,70.033
3/2/2022,4329,2022-03-02,23.085,82.567
3/12/2022,25561,2022-03-12,23.076,64.533
2/22/2022,20521,2022-02-22,23.061,78.733
3/11/2022,28147,2022-03-11,23.037,68.467
2/24/2022,47621,2022-02-24,23.036,68.267
3/7/2022,1334,2022-03-07,23.022,70.233
3/12/2022,47459,2022-03-12,23.022,65.4
2/25/2022,2873,2022-02-25,22.993,74.467
2/22/2022,12835,2022-02-22,22.966,76.633
3/15/2022,47483,2022-03-15,22.964,82.067
3/12/2022,47617,2022-03-12,22.95,62.333
3/1/2022,47621,2022-03-01,22.938,68.767
3/18/2022,1138,2022-03-18,22.937,NA
3/12/2022,28145,2022-03-12,22.933,60.067
3/12/2022,6112,2022-03-12,22.93,73.833
3/12/2022,48745,2022-03-12,22.93,68.267
2/23/2022,3050,2022-02-23,22.926,81.5
3/15/2022,4329,2022-03-15,22.919,77.833
3/18/2022,15587,2022-03-18,22.911,84.533
3/6/2022,12691,2022-03-06,22.899,NA
2/25/2022,47465,2022-02-25,22.894,69.733
2/26/2022,12787,2022-02-26,22.891,71.933
3/12/2022,31619,2022-03-12,22.89,63.767
3/15/2022,15591,2022-03-15,22.879,80.333
2/27/2022,47487,2022-02-27,22.86,53.233
2/27/2022,47465,2022-02-27,22.843,52.533
2/28/2022,6008,2022-02-28,22.838,71.6
3/12/2022,52885,2022-03-12,22.832,62.267
3/11/2022,47641,2022-03-11,22.81,NA
3/19/2022,11190,2022-03-19,22.773,82.167
2/25/2022,54093,2022-02-25,22.744,65.967
2/26/2022,12823,2022-02-26,22.731,61.867
3/15/2022,15587,2022-03-15,22.711,78.833
3/12/2022,47477,2022-03-12,22.685,64.3
2/23/2022,1334,2022-02-23,22.66,72.967
3/11/2022,2873,2022-03-11,22.656,70.4
3/11/2022,6112,2022-03-11,22.644,79.133
3/10/2022,55111,2022-03-10,22.638,59.133
3/15/2022,47555,2022-03-15,22.633,77.4
3/12/2022,5996,2022-03-12,22.63,-221
3/3/2022,25561,2022-03-03,22.616,91.267
2/24/2022,38917,2022-02-24,22.603,68.433
2/27/2022,38871,2022-02-27,22.571,53.8
2/25/2022,6008,2022-02-25,22.568,82.2
2/21/2022,12703,2022-02-21,22.567,71.9
3/3/2022,37403,2022-03-03,22.562,90.333
2/22/2022,47499,2022-02-22,22.548,83
3/17/2022,57681,2022-03-17,22.527,72.967
2/27/2022,55111,2022-02-27,22.523,53.609
2/21/2022,25561,2022-02-21,22.516,73.2
2/21/2022,12689,2022-02-21,22.51,76.467
3/1/2022,12721,2022-03-01,22.499,77.167
3/15/2022,11190,2022-03-15,22.475,76.067
3/13/2022,55111,2022-03-13,22.424,54.9
3/19/2022,47641,2022-03-19,22.413,NA
3/15/2022,47641,2022-03-15,22.411,NA
2/24/2022,11180,2022-02-24,22.41,65
3/6/2022,12787,2022-03-06,22.404,94.467
2/24/2022,38871,2022-02-24,22.4,68.5
3/5/2022,12807,2022-03-05,22.397,90.067
3/11/2022,38873,2022-03-11,22.394,66.5
3/16/2022,5872,2022-03-16,22.358,86.133
3/6/2022,12823,2022-03-06,22.351,94.4
2/28/2022,47621,2022-02-28,22.344,62.1
2/22/2022,47469,2022-02-22,22.327,77.667
2/21/2022,1138,2022-02-21,22.279,NA
3/1/2022,47495,2022-03-01,22.268,82.7
3/12/2022,54093,2022-03-12,22.255,60
2/26/2022,5988,2022-02-26,22.252,68.833
3/15/2022,47529,2022-03-15,22.247,NA
2/27/2022,12286,2022-02-27,22.244,61.897
2/21/2022,47621,2022-02-21,22.242,73.069
3/15/2022,47499,2022-03-15,22.206,82.1
2/24/2022,6008,2022-02-24,22.172,67.733
2/25/2022,48745,2022-02-25,22.169,73
3/14/2022,5996,2022-03-14,22.153,-221
3/9/2022,5988,2022-03-09,22.148,66.967
3/13/2022,1138,2022-03-13,22.133,NA
2/27/2022,6112,2022-02-27,22.131,66.276
3/9/2022,11644,2022-03-09,22.086,69.567
3/18/2022,47495,2022-03-18,22.073,85
2/24/2022,1138,2022-02-24,22.056,NA
3/12/2022,47457,2022-03-12,22.043,65.367
3/19/2022,54095,2022-03-19,22.03,88.033
3/18/2022,48745,2022-03-18,21.979,84.1
3/6/2022,7906,2022-03-06,21.976,89.033
3/2/2022,47633,2022-03-02,21.96,78.5
2/28/2022,12787,2022-02-28,21.928,76.5
3/7/2022,38873,2022-03-07,21.906,80.367
2/27/2022,39969,2022-02-27,21.897,66.733
2/27/2022,2873,2022-02-27,21.879,55.033
3/19/2022,47615,2022-03-19,21.858,83.875
3/12/2022,757,2022-03-12,21.857,64.9
3/16/2022,12867,2022-03-16,21.831,70.133
2/25/2022,7906,2022-02-25,21.784,90.5
3/2/2022,5988,2022-03-02,21.769,96.033
2/21/2022,20521,2022-02-21,21.712,73.533
2/22/2022,47487,2022-02-22,21.666,75.533
3/18/2022,5988,2022-03-18,21.651,91.467
2/25/2022,757,2022-02-25,21.597,72.733
2/21/2022,6112,2022-02-21,21.591,81.7
3/11/2022,3050,2022-03-11,21.589,68.733
3/11/2022,48745,2022-03-11,21.586,69.867
3/11/2022,7906,2022-03-11,21.583,70.467
3/15/2022,12807,2022-03-15,21.579,92.033
3/19/2022,47499,2022-03-19,21.566,89.067
2/23/2022,48745,2022-02-23,21.558,80.3
3/12/2022,15587,2022-03-12,21.525,66.567
3/11/2022,11644,2022-03-11,21.519,68.167
3/7/2022,48459,2022-03-07,21.512,77.333
3/12/2022,15591,2022-03-12,21.507,66.967
3/18/2022,15591,2022-03-18,21.422,87.3
2/24/2022,1326,2022-02-24,21.414,82.333
3/11/2022,12787,2022-03-11,21.398,79.867
2/23/2022,12721,2022-02-23,21.391,75.833
3/15/2022,47621,2022-03-15,21.375,75.133
2/25/2022,48459,2022-02-25,21.353,71
3/11/2022,31619,2022-03-11,21.347,66
2/27/2022,757,2022-02-27,21.334,55.467
3/2/2022,38873,2022-03-02,21.316,79.467
2/24/2022,37403,2022-02-24,21.314,69.067
3/19/2022,31619,2022-03-19,21.285,83.267
2/23/2022,4329,2022-02-23,21.271,75.9
3/12/2022,12835,2022-03-12,21.227,63.933
3/3/2022,12867,2022-03-03,21.22,88.067
3/4/2022,12867,2022-03-04,21.204,78
3/2/2022,12691,2022-03-02,21.188,NA
3/15/2022,47465,2022-03-15,21.187,74.667
3/14/2022,12835,2022-03-14,21.183,75.667
3/6/2022,11180,2022-03-06,21.16,71
2/28/2022,52885,2022-02-28,21.145,68.567
3/16/2022,12759,2022-03-16,21.117,84.6
3/18/2022,48459,2022-03-18,21.117,72.2
3/18/2022,6008,2022-03-18,21.101,82.8
3/2/2022,54093,2022-03-02,21.089,75.967
3/3/2022,52885,2022-03-03,21.072,89.867
3/15/2022,54095,2022-03-15,21.057,89.567
3/11/2022,1138,2022-03-11,21.051,NA
3/9/2022,39969,2022-03-09,21.039,74.867
2/26/2022,48745,2022-02-26,21.033,68.3
2/22/2022,6020,2022-02-22,21.017,72.5
3/1/2022,38917,2022-03-01,21.007,70
3/10/2022,39969,2022-03-10,20.98,72.5
3/10/2022,20809,2022-03-10,20.957,62.5
3/11/2022,47621,2022-03-11,20.941,64.033
2/28/2022,20521,2022-02-28,20.935,75.6
3/1/2022,12823,2022-03-01,20.927,89.233
3/4/2022,12689,2022-03-04,20.901,76.4
2/24/2022,12823,2022-02-24,20.875,68.733
2/25/2022,38875,2022-02-25,20.871,89.833
3/15/2022,6020,2022-03-15,20.857,69.367
2/22/2022,11644,2022-02-22,20.85,79.767
3/15/2022,47477,2022-03-15,20.828,80.133
2/22/2022,38917,2022-02-22,20.792,75.2
2/24/2022,47495,2022-02-24,20.78,71.467
3/2/2022,12689,2022-03-02,20.767,89.7
3/12/2022,11190,2022-03-12,20.766,65.467
2/22/2022,39969,2022-02-22,20.751,79
3/1/2022,6008,2022-03-01,20.746,78.567
2/21/2022,15587,2022-02-21,20.715,77.633
3/11/2022,47487,2022-03-11,20.705,63.267
2/28/2022,55773,2022-02-28,20.691,66.1
3/10/2022,6006,2022-03-10,20.686,63.033
3/9/2022,47495,2022-03-09,20.666,68.533
2/21/2022,1334,2022-02-21,20.635,61.467
3/12/2022,6022,2022-03-12,20.621,66.9
3/14/2022,38873,2022-03-14,20.603,69.167
3/9/2022,6006,2022-03-09,20.602,68.367
3/9/2022,20809,2022-03-09,20.591,64.7
3/18/2022,12747,2022-03-18,20.57,69.067
3/18/2022,4329,2022-03-18,20.466,84.8
2/24/2022,11644,2022-02-24,20.448,72.833
3/10/2022,5988,2022-03-10,20.418,58.533
2/27/2022,47581,2022-02-27,20.402,55.333
3/18/2022,47555,2022-03-18,20.367,83.267
3/1/2022,48745,2022-03-01,20.35,72.2
2/25/2022,28145,2022-02-25,20.342,67
3/12/2022,2873,2022-03-12,20.3,65.567
2/24/2022,12747,2022-02-24,20.207,79.933
3/15/2022,6006,2022-03-15,20.207,77.167
3/12/2022,6028,2022-03-12,20.205,64.862
2/26/2022,38875,2022-02-26,20.166,74
2/22/2022,46509,2022-02-22,20.159,80.333
3/18/2022,47621,2022-03-18,20.159,82.467
3/10/2022,12807,2022-03-10,20.141,62.333
3/8/2022,5872,2022-03-08,20.139,88
3/18/2022,7906,2022-03-18,20.128,91.767
2/21/2022,15591,2022-02-21,20.12,77.367
2/23/2022,28145,2022-02-23,20.118,74.033
2/26/2022,1138,2022-02-26,20.039,NA
3/3/2022,48745,2022-03-03,20.035,86.069
2/21/2022,47465,2022-02-21,20.033,72.067
2/28/2022,5988,2022-02-28,20.026,80.733
3/12/2022,39969,2022-03-12,20.025,NA
3/2/2022,12697,2022-03-02,20.015,78.433
3/4/2022,47617,2022-03-04,19.978,75.8
2/23/2022,47465,2022-02-23,19.969,75.367
3/2/2022,11174,2022-03-02,19.962,85
3/17/2022,12867,2022-03-17,19.941,81.067
3/14/2022,12691,2022-03-14,19.939,NA
3/12/2022,6006,2022-03-12,19.927,65
2/28/2022,39969,2022-02-28,19.891,67
2/22/2022,12759,2022-02-22,19.884,75.733
3/2/2022,11184,2022-03-02,19.882,87.704
3/18/2022,47465,2022-03-18,19.876,81.033
3/8/2022,20521,2022-03-08,19.862,78.4
3/10/2022,47495,2022-03-10,19.861,58.333
2/21/2022,48459,2022-02-21,19.782,70.633
3/11/2022,12691,2022-03-11,19.774,NA
3/18/2022,11644,2022-03-18,19.748,84.767
3/15/2022,2873,2022-03-15,19.739,82.033
2/23/2022,47621,2022-02-23,19.737,75.167
2/21/2022,12747,2022-02-21,19.72,62.2
3/10/2022,38875,2022-03-10,19.714,73.633
3/15/2022,12691,2022-03-15,19.698,NA
3/15/2022,1138,2022-03-15,19.686,NA
3/16/2022,31261,2022-03-16,19.676,57.379
3/7/2022,12697,2022-03-07,19.669,83.6
2/21/2022,47641,2022-02-21,19.667,NA
3/1/2022,6006,2022-03-01,19.661,73.833
3/1/2022,2873,2022-03-01,19.655,78.867
2/26/2022,47493,2022-02-26,19.648,64.733
2/24/2022,12286,2022-02-24,19.64,79.767
3/12/2022,3050,2022-03-12,19.619,69.867
3/19/2022,55111,2022-03-19,19.598,82
3/18/2022,47483,2022-03-18,19.584,84.6
2/22/2022,47475,2022-02-22,19.571,-227
2/24/2022,28145,2022-02-24,19.541,65.967
2/21/2022,47457,2022-02-21,19.484,75.233
3/7/2022,55111,2022-03-07,19.462,86.074
2/26/2022,12286,2022-02-26,19.455,71
3/12/2022,12691,2022-03-12,19.445,NA
3/15/2022,54093,2022-03-15,19.436,73
2/27/2022,45621,2022-02-27,19.428,53
2/24/2022,25561,2022-02-24,19.423,71.433
3/5/2022,5988,2022-03-05,19.421,82.967
3/18/2022,47477,2022-03-18,19.406,82.467
3/12/2022,12807,2022-03-12,19.389,73
2/28/2022,757,2022-02-28,19.388,71.867
3/19/2022,47483,2022-03-19,19.372,84.1
3/18/2022,47475,2022-03-18,19.36,-227
3/6/2022,3050,2022-03-06,19.352,87.7
3/12/2022,20521,2022-03-12,19.341,64.367
3/2/2022,12823,2022-03-02,19.299,96.567
3/1/2022,15587,2022-03-01,19.294,80.333
3/18/2022,47487,2022-03-18,19.294,81.133
2/25/2022,45621,2022-02-25,19.29,69.233
3/2/2022,7906,2022-03-02,19.271,89.033
2/27/2022,12787,2022-02-27,19.266,60.967
2/24/2022,31261,2022-02-24,19.264,65.533
3/11/2022,12703,2022-03-11,19.246,71.3
3/18/2022,757,2022-03-18,19.173,84.667
2/28/2022,1326,2022-02-28,19.172,70.867
3/2/2022,47495,2022-03-02,19.171,89.133
2/23/2022,47487,2022-02-23,19.155,75.1
3/1/2022,47617,2022-03-01,19.146,70.067
3/18/2022,47617,2022-03-18,19.145,82.333
2/27/2022,47615,2022-02-27,19.143,66.967
2/23/2022,7906,2022-02-23,19.128,85.233
2/21/2022,47505,2022-02-21,19.119,75.1
3/10/2022,47481,2022-03-10,19.101,57.933
2/22/2022,37403,2022-02-22,19.069,77.6
3/18/2022,47493,2022-03-18,19.048,87.067
3/1/2022,5988,2022-03-01,19.043,88.633
3/10/2022,6112,2022-03-10,19.007,70.533
3/19/2022,12823,2022-03-19,18.994,87.8
2/25/2022,1326,2022-02-25,18.993,72.6
3/18/2022,47641,2022-03-18,18.99,NA
2/26/2022,6020,2022-02-26,18.979,61.1
2/23/2022,757,2022-02-23,18.977,76.933
2/22/2022,38875,2022-02-22,18.976,83.067
2/26/2022,47499,2022-02-26,18.975,71.867
3/1/2022,39969,2022-03-01,18.968,72
2/25/2022,38917,2022-02-25,18.964,69.867
3/18/2022,38917,2022-03-18,18.955,83.033
3/8/2022,55111,2022-03-08,18.949,81.321
3/19/2022,12807,2022-03-19,18.911,86.733
3/18/2022,55773,2022-03-18,18.898,80.8
3/3/2022,38873,2022-03-03,18.855,85.3
3/11/2022,757,2022-03-11,18.855,65.7
3/18/2022,11184,2022-03-18,18.853,85.4
2/21/2022,47581,2022-02-21,18.831,94.133
2/22/2022,47641,2022-02-22,18.796,NA
3/1/2022,47499,2022-03-01,18.78,78.333
2/21/2022,12697,2022-02-21,18.777,71.467
3/8/2022,6022,2022-03-08,18.77,81.2
2/23/2022,55773,2022-02-23,18.72,72.067
2/28/2022,12807,2022-02-28,18.72,83.967
3/12/2022,20809,2022-03-12,18.652,63.7
3/5/2022,57965,2022-03-05,18.645,81.9
2/26/2022,47475,2022-02-26,18.64,-227
3/5/2022,12759,2022-03-05,18.598,91.5
3/8/2022,7906,2022-03-08,18.574,88.333
2/23/2022,2873,2022-02-23,18.565,79.8
3/1/2022,15591,2022-03-01,18.553,75
2/22/2022,47465,2022-02-22,18.534,75.367
2/24/2022,47581,2022-02-24,18.533,69.6
3/10/2022,12691,2022-03-10,18.526,NA
3/18/2022,39969,2022-03-18,18.512,NA
3/7/2022,38875,2022-03-07,18.51,84.724
2/27/2022,1326,2022-02-27,18.505,54.7
3/19/2022,47487,2022-03-19,18.447,83.067
2/28/2022,12286,2022-02-28,18.437,62.207
2/25/2022,38871,2022-02-25,18.432,74.6
2/21/2022,47555,2022-02-21,18.404,75.533
2/21/2022,37403,2022-02-21,18.401,76.767
2/24/2022,47465,2022-02-24,18.382,69.5
2/23/2022,54093,2022-02-23,18.371,74
3/18/2022,54095,2022-03-18,18.369,90.467
3/1/2022,31619,2022-03-01,18.33,73.1
2/28/2022,54095,2022-02-28,18.274,72
3/14/2022,6112,2022-03-14,18.251,77.967
3/2/2022,11644,2022-03-02,18.246,83
3/18/2022,12697,2022-03-18,18.245,82.7
3/7/2022,12835,2022-03-07,18.238,83.867
3/15/2022,3050,2022-03-15,18.237,77.667
3/17/2022,52885,2022-03-17,18.207,80.967
3/5/2022,12691,2022-03-05,18.185,NA
3/11/2022,12867,2022-03-11,18.18,71.533
2/24/2022,48459,2022-02-24,18.166,77.8
3/2/2022,47621,2022-03-02,18.166,76.633
3/18/2022,6112,2022-03-18,18.155,91.667
3/2/2022,47477,2022-03-02,18.15,87.5
2/28/2022,12835,2022-02-28,18.131,72
3/19/2022,4329,2022-03-19,18.129,85.3
3/12/2022,6008,2022-03-12,18.126,63.9
3/19/2022,1326,2022-03-19,18.108,76.733
3/12/2022,45621,2022-03-12,18.106,61.967
2/23/2022,6112,2022-02-23,18.105,84.033
3/10/2022,47499,2022-03-10,18.098,65
3/9/2022,6022,2022-03-09,18.09,66.3
2/28/2022,6022,2022-02-28,18.086,76.633
3/8/2022,6028,2022-03-08,18.069,79.367
3/7/2022,20521,2022-03-07,18.038,85.633
2/22/2022,4329,2022-02-22,18.023,79.367
2/28/2022,6020,2022-02-28,18.021,70.067
3/5/2022,5872,2022-03-05,18.015,81.133
3/9/2022,47457,2022-03-09,18.007,66.8
3/14/2022,12697,2022-03-14,17.973,72
3/15/2022,45621,2022-03-15,17.948,74.267
2/25/2022,12787,2022-02-25,17.944,81.533
3/12/2022,12697,2022-03-12,17.942,67
3/19/2022,5988,2022-03-19,17.941,90.9
2/28/2022,47633,2022-02-28,17.932,64.333
3/18/2022,12835,2022-03-18,17.93,79.367
3/10/2022,6022,2022-03-10,17.929,64.133
3/10/2022,31619,2022-03-10,17.928,56.5
3/17/2022,12703,2022-03-17,17.923,81.7
2/23/2022,5996,2022-02-23,17.891,-221
3/15/2022,6022,2022-03-15,17.873,82.133
2/22/2022,11184,2022-02-22,17.849,78.3
3/2/2022,47615,2022-03-02,17.841,83
3/2/2022,5872,2022-03-02,17.804,88.6
2/22/2022,11174,2022-02-22,17.797,77.033
3/12/2022,12787,2022-03-12,17.791,75.333
3/3/2022,6022,2022-03-03,17.776,98.067
3/14/2022,20809,2022-03-14,17.773,72.9
3/10/2022,15587,2022-03-10,17.772,59
3/9/2022,6112,2022-03-09,17.765,73.867
3/15/2022,48459,2022-03-15,17.741,72.333
3/14/2022,55111,2022-03-14,17.735,69.267
3/12/2022,38871,2022-03-12,17.734,63.867
2/26/2022,15587,2022-02-26,17.707,67.233
3/19/2022,48745,2022-03-19,17.682,86.533
2/22/2022,12689,2022-02-22,17.68,64.933
3/14/2022,12867,2022-03-14,17.661,76.133
2/21/2022,6008,2022-02-21,17.648,73.967
3/19/2022,47465,2022-03-19,17.642,82.433
3/18/2022,52885,2022-03-18,17.64,81.467
3/17/2022,48745,2022-03-17,17.62,78.2
3/18/2022,20809,2022-03-18,17.609,80.733
3/10/2022,47493,2022-03-10,17.604,58.7
3/18/2022,5996,2022-03-18,17.602,-221
3/18/2022,6022,2022-03-18,17.601,88.733
3/4/2022,6004,2022-03-04,17.57,82.8
2/24/2022,54093,2022-02-24,17.558,65.933
3/4/2022,39969,2022-03-04,17.557,78.067
3/18/2022,3050,2022-03-18,17.534,82.367
2/28/2022,6028,2022-02-28,17.533,75.767
3/4/2022,20809,2022-03-04,17.529,77.9
2/23/2022,20809,2022-02-23,17.524,75.167
2/28/2022,47615,2022-02-28,17.509,74.867
2/22/2022,47633,2022-02-22,17.506,77.967
3/2/2022,47529,2022-03-02,17.496,NA
3/10/2022,6028,2022-03-10,17.483,62
2/22/2022,47493,2022-02-22,17.478,80.2
2/26/2022,47469,2022-02-26,17.478,63.067
3/14/2022,6006,2022-03-14,17.474,72.333
3/9/2022,11184,2022-03-09,17.463,70
3/10/2022,55773,2022-03-10,17.453,57.033
2/22/2022,15591,2022-02-22,17.452,78.767
3/10/2022,48745,2022-03-10,17.444,64.214
3/2/2022,11190,2022-03-02,17.443,79.5
3/18/2022,47459,2022-03-18,17.402,86
3/16/2022,48459,2022-03-16,17.397,66.633
3/10/2022,47633,2022-03-10,17.384,58.5
3/14/2022,39969,2022-03-14,17.38,NA
3/17/2022,47621,2022-03-17,17.38,75.5
3/9/2022,1326,2022-03-09,17.347,67.3
3/15/2022,47615,2022-03-15,17.326,77.633
3/18/2022,6028,2022-03-18,17.312,87.067
2/21/2022,47495,2022-02-21,17.296,76.9
2/27/2022,11180,2022-02-27,17.288,54.625
3/17/2022,54093,2022-03-17,17.288,73.433
2/26/2022,47621,2022-02-26,17.258,61.267
2/26/2022,47457,2022-02-26,17.248,63.033
2/22/2022,20809,2022-02-22,17.244,79.033
2/28/2022,11184,2022-02-28,17.229,74.167
3/11/2022,38875,2022-03-11,17.187,63.2
3/2/2022,47487,2022-03-02,17.156,77.9
2/22/2022,12703,2022-02-22,17.125,78.433
2/21/2022,47529,2022-02-21,17.096,NA
3/15/2022,6028,2022-03-15,17.044,80.233
2/23/2022,38917,2022-02-23,17.025,77.6
2/28/2022,47481,2022-02-28,17.024,76.1
2/22/2022,47621,2022-02-22,17.007,76.241
2/28/2022,47487,2022-02-28,17.001,62.933
2/22/2022,47459,2022-02-22,16.999,78.655
3/9/2022,47493,2022-03-09,16.997,67
2/27/2022,12703,2022-02-27,16.995,59.067
3/19/2022,47495,2022-03-19,16.969,88.833
3/2/2022,12703,2022-03-02,16.952,84.167
2/22/2022,15587,2022-02-22,16.948,79.967
2/26/2022,15591,2022-02-26,16.946,68.067
2/26/2022,12835,2022-02-26,16.939,66.867
3/1/2022,6022,2022-03-01,16.921,83.733
3/17/2022,47495,2022-03-17,16.909,84.7
3/11/2022,4329,2022-03-11,16.904,75.033
3/3/2022,6028,2022-03-03,16.891,96.1
3/17/2022,47487,2022-03-17,16.83,75.367
3/1/2022,12807,2022-03-01,16.817,85.6
3/9/2022,6004,2022-03-09,16.806,74.9
3/7/2022,39969,2022-03-07,16.805,86.633
3/1/2022,47555,2022-03-01,16.794,73.333
3/14/2022,1138,2022-03-14,16.786,NA
2/24/2022,45621,2022-02-24,16.776,67.767
2/25/2022,1334,2022-02-25,16.766,71.567
2/23/2022,6022,2022-02-23,16.763,76.633
2/28/2022,11180,2022-02-28,16.76,68
3/11/2022,12759,2022-03-11,16.753,84.3
2/22/2022,28145,2022-02-22,16.752,74.967
3/1/2022,4329,2022-03-01,16.745,78
3/1/2022,6020,2022-03-01,16.734,75.867
3/19/2022,25561,2022-03-19,16.727,87.533
3/2/2022,6008,2022-03-02,16.722,87.9
2/25/2022,12286,2022-02-25,16.709,77.724
3/11/2022,6020,2022-03-11,16.707,73.667
2/24/2022,2873,2022-02-24,16.688,70.7
3/7/2022,6006,2022-03-07,16.673,86.967
2/23/2022,20521,2022-02-23,16.671,74.167
3/10/2022,47529,2022-03-10,16.652,NA
2/21/2022,31261,2022-02-21,16.643,63.633
2/21/2022,47477,2022-02-21,16.613,81.667
3/18/2022,20521,2022-03-18,16.601,80.133
2/23/2022,46509,2022-02-23,16.599,72.767
3/10/2022,3050,2022-03-10,16.594,61.767
3/4/2022,12703,2022-03-04,16.592,78.467
2/26/2022,47633,2022-02-26,16.579,63.107
3/10/2022,15591,2022-03-10,16.569,60.533
3/17/2022,28145,2022-03-17,16.559,74.967
3/15/2022,12823,2022-03-15,16.556,90.067
3/1/2022,3050,2022-03-01,16.552,74.067
2/26/2022,47487,2022-02-26,16.537,62.567
3/2/2022,47459,2022-03-02,16.498,83.833
3/15/2022,1334,2022-03-15,16.476,64.067
2/25/2022,38873,2022-02-25,16.471,71.367
2/23/2022,38873,2022-02-23,16.47,76.667
3/18/2022,47505,2022-03-18,16.441,83.233
3/7/2022,47477,2022-03-07,16.439,85.467
3/17/2022,47465,2022-03-17,16.438,76.333
3/17/2022,1138,2022-03-17,16.433,NA
3/8/2022,57681,2022-03-08,16.415,82
3/1/2022,6028,2022-03-01,16.407,82.367
3/4/2022,6006,2022-03-04,16.383,70.667
3/1/2022,20521,2022-03-01,16.38,80.433
3/1/2022,37403,2022-03-01,16.379,74.867
3/2/2022,48745,2022-03-02,16.375,78.933
3/10/2022,12286,2022-03-10,16.37,73.967
2/22/2022,54093,2022-02-22,16.367,74
3/17/2022,6112,2022-03-17,16.359,86
2/23/2022,47495,2022-02-23,16.289,81.9
2/22/2022,47505,2022-02-22,16.266,78.833
3/9/2022,6028,2022-03-09,16.259,64
2/28/2022,38873,2022-02-28,16.256,61.767
3/9/2022,20521,2022-03-09,16.251,63.367
3/2/2022,47469,2022-03-02,16.247,79.133
3/11/2022,45621,2022-03-11,16.235,63.567
2/28/2022,12703,2022-02-28,16.225,70.167
2/27/2022,12759,2022-02-27,16.21,56.967
3/9/2022,47483,2022-03-09,16.189,58
3/1/2022,47529,2022-03-01,16.137,NA
3/16/2022,12785,2022-03-16,16.135,82.433
3/3/2022,12721,2022-03-03,16.13,71.567
3/17/2022,12823,2022-03-17,16.111,77.833
3/16/2022,12787,2022-03-16,16.086,85.933
3/19/2022,28145,2022-03-19,16.044,83.7
3/18/2022,12286,2022-03-18,16.037,83.767
3/18/2022,47469,2022-03-18,16.029,82.5
3/19/2022,12835,2022-03-19,16.022,86.5
3/9/2022,6008,2022-03-09,16.015,67.333
2/23/2022,47457,2022-02-23,16.014,77.933
2/23/2022,47633,2022-02-23,16.011,75.367
3/10/2022,47621,2022-03-10,15.999,56.333
3/10/2022,20521,2022-03-10,15.977,61.4
2/22/2022,47529,2022-02-22,15.974,NA
2/26/2022,12807,2022-02-26,15.974,72.567
3/15/2022,11644,2022-03-15,15.966,78.633
2/23/2022,47555,2022-02-23,15.945,75.833
2/23/2022,6028,2022-02-23,15.943,74.167
2/25/2022,11644,2022-02-25,15.939,78.833
3/4/2022,20521,2022-03-04,15.932,79.1
2/28/2022,47641,2022-02-28,15.91,NA
3/9/2022,57681,2022-03-09,15.908,65.767
2/28/2022,3050,2022-02-28,15.88,65.2
3/13/2022,6112,2022-03-13,15.875,63.767
2/22/2022,55773,2022-02-22,15.871,75.7
2/23/2022,45621,2022-02-23,15.857,74.767
3/10/2022,757,2022-03-10,15.842,60.267
3/10/2022,47483,2022-03-10,15.839,57.3
3/18/2022,31261,2022-03-18,15.833,64.567
3/12/2022,47581,2022-03-12,15.831,68.133
2/22/2022,31619,2022-02-22,15.819,76.7
3/2/2022,47505,2022-03-02,15.819,81.4
3/2/2022,12835,2022-03-02,15.814,85.767
3/17/2022,28147,2022-03-17,15.793,77.034
3/2/2022,6020,2022-03-02,15.787,81.6
2/28/2022,31619,2022-02-28,15.785,64.467
2/28/2022,11174,2022-02-28,15.77,68.967
3/7/2022,38871,2022-03-07,15.769,83.667
3/18/2022,47529,2022-03-18,15.767,NA
3/19/2022,757,2022-03-19,15.753,84.967
2/28/2022,45621,2022-02-28,15.747,62.931
3/10/2022,54095,2022-03-10,15.746,58.233
3/9/2022,47475,2022-03-09,15.722,-227
3/17/2022,5988,2022-03-17,15.721,79.967
3/12/2022,5988,2022-03-12,15.706,70.233
2/26/2022,6112,2022-02-26,15.702,79.233
2/23/2022,6006,2022-02-23,15.656,75.033
3/9/2022,11190,2022-03-09,15.645,67
3/8/2022,12835,2022-03-08,15.633,73.167
2/28/2022,12691,2022-02-28,15.617,NA
2/22/2022,47555,2022-02-22,15.594,77.767
3/1/2022,28147,2022-03-01,15.583,77.933
3/18/2022,11190,2022-03-18,15.577,82
3/2/2022,757,2022-03-02,15.575,86.667
3/19/2022,12691,2022-03-19,15.535,NA
2/26/2022,55111,2022-02-26,15.53,70.893
3/1/2022,47505,2022-03-01,15.53,74.133
2/25/2022,47581,2022-02-25,15.523,85.433
3/18/2022,25561,2022-03-18,15.522,81.867
2/23/2022,11174,2022-02-23,15.518,75.067
3/18/2022,6004,2022-03-18,15.518,71.233
3/1/2022,38873,2022-03-01,15.517,67.467
3/10/2022,47487,2022-03-10,15.503,57
2/21/2022,39969,2022-02-21,15.497,71
2/21/2022,2873,2022-02-21,15.475,78.633
2/22/2022,1138,2022-02-22,15.451,NA
2/23/2022,36451,2022-02-23,15.429,81.667
3/17/2022,47493,2022-03-17,15.424,76.667
3/14/2022,20521,2022-03-14,15.397,82
3/1/2022,55773,2022-03-01,15.396,71.933
2/22/2022,55111,2022-02-22,15.382,78.567
3/8/2022,3050,2022-03-08,15.372,82.3
3/12/2022,11644,2022-03-12,15.344,68.667
3/19/2022,47621,2022-03-19,15.34,83.333
3/2/2022,6022,2022-03-02,15.335,92.167
3/17/2022,47475,2022-03-17,15.311,-227
3/10/2022,47641,2022-03-10,15.299,NA
3/2/2022,47465,2022-03-02,15.282,78.067
2/24/2022,36451,2022-02-24,15.272,79.6
3/4/2022,47495,2022-03-04,15.248,79.9
3/19/2022,1138,2022-03-19,15.222,NA
3/9/2022,54095,2022-03-09,15.217,65.033
2/24/2022,12689,2022-02-24,15.216,63.833
2/23/2022,12867,2022-02-23,15.204,76
3/14/2022,47499,2022-03-14,15.202,78.433
3/4/2022,28147,2022-03-04,15.181,73.6
2/26/2022,39969,2022-02-26,15.176,75.7
3/2/2022,6006,2022-03-02,15.16,82.367
3/10/2022,4329,2022-03-10,15.151,61.467
3/15/2022,20521,2022-03-15,15.148,75.833
2/26/2022,11184,2022-02-26,15.14,70.833
2/23/2022,11184,2022-02-23,15.127,78.5
3/1/2022,12691,2022-03-01,15.127,NA
2/26/2022,7906,2022-02-26,15.121,77.5
3/1/2022,47487,2022-03-01,15.096,69.867
2/26/2022,4329,2022-02-26,15.065,71.433
3/15/2022,47581,2022-03-15,15.06,92.7
3/2/2022,47475,2022-03-02,15.052,-227
2/22/2022,47457,2022-02-22,15.043,78.633
3/7/2022,52885,2022-03-07,15.04,81.5
3/1/2022,54093,2022-03-01,15.035,67.467
2/26/2022,55773,2022-02-26,15.023,66.167
3/3/2022,6006,2022-03-03,15.004,88.8
3/8/2022,12807,2022-03-08,15.004,88.138
3/1/2022,47633,2022-03-01,15,70.7
3/9/2022,47641,2022-03-09,14.996,NA
2/23/2022,12703,2022-02-23,14.995,75.333
3/10/2022,47555,2022-03-10,14.995,60.4
3/18/2022,28145,2022-03-18,14.988,81.2
3/19/2022,45621,2022-03-19,14.937,83.7
3/6/2022,57965,2022-03-06,14.914,91.033
3/12/2022,1326,2022-03-12,14.908,68.933
2/22/2022,3050,2022-02-22,14.887,79.767
2/23/2022,47477,2022-02-23,14.868,75.6
2/26/2022,47465,2022-02-26,14.846,62.4
3/14/2022,4329,2022-03-14,14.843,78.4
3/2/2022,47493,2022-03-02,14.841,88.633
3/9/2022,28147,2022-03-09,14.836,64.533
3/2/2022,6028,2022-03-02,14.829,90.833
3/17/2022,37403,2022-03-17,14.814,74.5
3/10/2022,47617,2022-03-10,14.806,56.1
2/27/2022,3050,2022-02-27,14.8,56.233
3/12/2022,12286,2022-03-12,14.79,76.333
3/14/2022,31619,2022-03-14,14.785,72.4
3/17/2022,47617,2022-03-17,14.776,73.933
3/2/2022,1326,2022-03-02,14.774,77.9
2/22/2022,54095,2022-02-22,14.756,78.7
2/27/2022,11644,2022-02-27,14.756,56.9
3/1/2022,47469,2022-03-01,14.749,70.6
2/26/2022,36451,2022-02-26,14.729,68.69
3/10/2022,11190,2022-03-10,14.72,61
3/2/2022,12787,2022-03-02,14.719,93.6
3/6/2022,38875,2022-03-06,14.705,85.067
2/26/2022,757,2022-02-26,14.698,64.967
2/22/2022,47477,2022-02-22,14.696,77.4
3/2/2022,38917,2022-03-02,14.68,78.767
2/24/2022,47615,2022-02-24,14.676,71
3/7/2022,47487,2022-03-07,14.672,84.8
3/4/2022,47633,2022-03-04,14.671,74.448
3/19/2022,12787,2022-03-19,14.666,94.633
3/19/2022,6006,2022-03-19,14.652,84.5
2/28/2022,47555,2022-02-28,14.651,67.2
3/2/2022,2873,2022-03-02,14.646,88.4
3/17/2022,47499,2022-03-17,14.632,81
2/23/2022,47617,2022-02-23,14.624,73.667
2/28/2022,47495,2022-02-28,14.623,78.2
3/10/2022,47469,2022-03-10,14.622,58.2
3/15/2022,12747,2022-03-15,14.617,64.875
3/17/2022,11184,2022-03-17,14.606,85.2
3/17/2022,47459,2022-03-17,14.595,77.724
2/28/2022,47529,2022-02-28,14.593,NA
3/1/2022,47465,2022-03-01,14.58,69.8
3/17/2022,31619,2022-03-17,14.578,74.9
3/4/2022,7906,2022-03-04,14.576,79.733
3/17/2022,757,2022-03-17,14.576,78.733
3/4/2022,11644,2022-03-04,14.566,82.133
2/26/2022,47495,2022-02-26,14.564,63.133
3/1/2022,5996,2022-03-01,14.559,-221
2/28/2022,4329,2022-02-28,14.558,73.067
2/28/2022,5996,2022-02-28,14.558,-221
3/12/2022,38875,2022-03-12,14.527,72.667
3/14/2022,6022,2022-03-14,14.482,81.7
3/2/2022,37403,2022-03-02,14.48,83.393
3/14/2022,6028,2022-03-14,14.476,80.433
3/1/2022,12703,2022-03-01,14.465,75.033
3/17/2022,47483,2022-03-17,14.455,79.133
3/17/2022,47555,2022-03-17,14.444,78.2
3/8/2022,20809,2022-03-08,14.44,79.6
3/8/2022,39969,2022-03-08,14.423,83.967
3/4/2022,1334,2022-03-04,14.422,72.167
2/28/2022,47477,2022-02-28,14.421,79.5
3/17/2022,47529,2022-03-17,14.418,NA
3/12/2022,38873,2022-03-12,14.415,62.067
2/23/2022,12823,2022-02-23,14.407,84.967
3/17/2022,47481,2022-03-17,14.381,75.3
2/21/2022,47615,2022-02-21,14.379,75
3/18/2022,12689,2022-03-18,14.378,76.533
2/23/2022,5988,2022-02-23,14.36,83.567
2/26/2022,31619,2022-02-26,14.325,65.1
3/17/2022,15587,2022-03-17,14.323,83.167
3/7/2022,47495,2022-03-07,14.316,85.3
3/13/2022,6004,2022-03-13,14.316,67.7
2/23/2022,47641,2022-02-23,14.308,NA
3/19/2022,3050,2022-03-19,14.301,82.933
3/9/2022,52885,2022-03-09,14.298,61.933
3/10/2022,47505,2022-03-10,14.286,58.533
2/23/2022,47481,2022-02-23,14.279,74.8
2/28/2022,47493,2022-02-28,14.277,73.367
3/19/2022,7906,2022-03-19,14.272,89.433
3/10/2022,11184,2022-03-10,14.266,60.867
3/7/2022,47555,2022-03-07,14.251,85.933
2/28/2022,15587,2022-02-28,14.212,75.067
3/19/2022,20521,2022-03-19,14.21,88.033
3/17/2022,2873,2022-03-17,14.209,77.367
3/9/2022,25561,2022-03-09,14.191,67.833
3/18/2022,45621,2022-03-18,14.19,80.8
3/10/2022,12703,2022-03-10,14.189,64.633
3/17/2022,47469,2022-03-17,14.189,75.8
3/6/2022,12286,2022-03-06,14.18,85.862
2/26/2022,11174,2022-02-26,14.173,68.933
3/8/2022,12691,2022-03-08,14.172,NA
3/10/2022,47459,2022-03-10,14.165,60
2/26/2022,28147,2022-02-26,14.151,63.7
3/7/2022,47617,2022-03-07,14.148,84.4
3/18/2022,12703,2022-03-18,14.146,80.9
3/19/2022,12286,2022-03-19,14.129,83.533
2/26/2022,37403,2022-02-26,14.116,62.433
3/3/2022,12835,2022-03-03,14.116,90.867
3/7/2022,28147,2022-03-07,14.11,86.5
3/7/2022,47481,2022-03-07,14.094,86.5
3/20/2022,38917,2022-03-20,14.076,75.633
3/9/2022,38871,2022-03-09,14.069,68.2
3/14/2022,54095,2022-03-14,14.066,86.966
3/12/2022,12823,2022-03-12,14.061,67.367
3/19/2022,52885,2022-03-19,14.037,82.633
3/17/2022,55111,2022-03-17,14.033,76.1
2/24/2022,1334,2022-02-24,14.016,78.533
3/10/2022,7906,2022-03-10,14.013,68.033
3/16/2022,47595,2022-03-16,13.99,74.433
2/26/2022,11644,2022-02-26,13.962,72.367
3/14/2022,12703,2022-03-14,13.953,72.867
3/17/2022,47505,2022-03-17,13.942,80.167
3/1/2022,7906,2022-03-01,13.905,76.933
3/9/2022,12835,2022-03-09,13.902,67.2
3/2/2022,38871,2022-03-02,13.894,85.333
3/4/2022,47529,2022-03-04,13.893,NA
3/14/2022,47477,2022-03-14,13.879,84.067
3/1/2022,47459,2022-03-01,13.86,75.929
3/14/2022,57681,2022-03-14,13.855,70.833
3/17/2022,47641,2022-03-17,13.855,NA
2/22/2022,757,2022-02-22,13.852,77.133
2/21/2022,12823,2022-02-21,13.805,86.967
3/19/2022,6022,2022-03-19,13.777,89.1
3/14/2022,47457,2022-03-14,13.74,76.429
3/9/2022,12787,2022-03-09,13.739,69.593
3/17/2022,54095,2022-03-17,13.734,80.7
2/26/2022,45621,2022-02-26,13.713,60.933
3/1/2022,47641,2022-03-01,13.704,NA
3/17/2022,25561,2022-03-17,13.702,80.333
3/9/2022,47617,2022-03-09,13.681,64.1
3/20/2022,6006,2022-03-20,13.679,74.067
3/7/2022,11174,2022-03-07,13.661,85.167
3/2/2022,20521,2022-03-02,13.654,87.7
3/1/2022,54095,2022-03-01,13.601,80.333
3/7/2022,12703,2022-03-07,13.596,84.533
2/28/2022,47499,2022-02-28,13.593,71.034
3/17/2022,47633,2022-03-17,13.558,75.6
3/13/2022,12703,2022-03-13,13.553,59.067
3/7/2022,47459,2022-03-07,13.548,87.833
3/7/2022,55773,2022-03-07,13.534,83.267
2/23/2022,28147,2022-02-23,13.527,74.167
3/5/2022,11180,2022-03-05,13.505,71
3/7/2022,11184,2022-03-07,13.494,87.867
2/26/2022,47505,2022-02-26,13.48,64.7
3/19/2022,6028,2022-03-19,13.48,87.5
2/26/2022,47641,2022-02-26,13.455,NA
3/3/2022,12747,2022-03-03,13.448,87.567
2/23/2022,47493,2022-02-23,13.439,77.2
2/21/2022,3050,2022-02-21,13.437,77.033
3/10/2022,57681,2022-03-10,13.436,57
3/17/2022,39969,2022-03-17,13.427,NA
3/19/2022,38917,2022-03-19,13.407,84.133
3/7/2022,6022,2022-03-07,13.394,91
2/25/2022,57965,2022-02-25,13.391,69.133
3/8/2022,12286,2022-03-08,13.37,77.867
2/23/2022,47459,2022-02-23,13.365,77.483
3/7/2022,6028,2022-03-07,13.339,89.533
3/4/2022,12747,2022-03-04,13.334,77.067
3/19/2022,6112,2022-03-19,13.327,90.867
3/18/2022,37403,2022-03-18,13.319,83.533
3/7/2022,47499,2022-03-07,13.313,91.467
3/10/2022,54093,2022-03-10,13.312,54.4
3/18/2022,12867,2022-03-18,13.301,80.967
3/3/2022,6004,2022-03-03,13.298,91.2
3/7/2022,57681,2022-03-07,13.292,85
3/9/2022,47459,2022-03-09,13.287,68.2
3/4/2022,47457,2022-03-04,13.282,77.967
3/3/2022,12703,2022-03-03,13.277,90.567
3/3/2022,12697,2022-03-03,13.258,84.033
2/23/2022,15587,2022-02-23,13.241,78.033
3/14/2022,55773,2022-03-14,13.235,71.233
2/23/2022,31619,2022-02-23,13.234,75.133
3/9/2022,37403,2022-03-09,13.217,65.867
3/17/2022,12807,2022-03-17,13.215,80.2
3/15/2022,7906,2022-03-15,13.209,84.333
3/1/2022,1326,2022-03-01,13.206,75.7
3/5/2022,47559,2022-03-05,13.2,81.367
2/23/2022,47529,2022-02-23,13.175,NA
3/10/2022,45621,2022-03-10,13.17,56.967
3/7/2022,5996,2022-03-07,13.169,-221
2/23/2022,15591,2022-02-23,13.164,78
2/26/2022,6008,2022-02-26,13.164,60.967
2/26/2022,54095,2022-02-26,13.163,65.4
3/9/2022,38873,2022-03-09,13.158,62
3/7/2022,47633,2022-03-07,13.137,85.133
3/15/2022,12703,2022-03-15,13.132,76.2
3/14/2022,47481,2022-03-14,13.107,81.5
3/10/2022,5996,2022-03-10,13.093,-221
2/23/2022,47499,2022-02-23,13.09,80.8
3/9/2022,12703,2022-03-09,13.078,66.933
3/4/2022,25561,2022-03-04,13.068,80.8
3/18/2022,2873,2022-03-18,13.061,85.897
3/17/2022,45621,2022-03-17,13.059,75.433
2/23/2022,54095,2022-02-23,13.052,76.133
3/17/2022,11190,2022-03-17,13.048,76.567
3/7/2022,47641,2022-03-07,13.03,NA
3/1/2022,11174,2022-03-01,13.018,76.733
2/23/2022,47469,2022-02-23,13.002,75.933
2/26/2022,11180,2022-02-26,12.98,63
2/26/2022,47617,2022-02-26,12.977,62.9
3/4/2022,38873,2022-03-04,12.973,71.8
3/19/2022,47581,2022-03-19,12.966,85.967
3/4/2022,2873,2022-03-04,12.961,80.69
3/12/2022,12703,2022-03-12,12.959,65
3/20/2022,31261,2022-03-20,12.941,56.167
2/23/2022,12759,2022-02-23,12.934,90
3/20/2022,6020,2022-03-20,12.925,71.8
3/7/2022,4329,2022-03-07,12.913,86.5
3/10/2022,47477,2022-03-10,12.9,59.267
2/26/2022,47555,2022-02-26,12.896,68.033
2/26/2022,47481,2022-02-26,12.88,67.367
3/18/2022,54093,2022-03-18,12.871,78
3/7/2022,15591,2022-03-07,12.866,86.467
3/1/2022,11184,2022-03-01,12.85,82.433
2/23/2022,47475,2022-02-23,12.849,-227
3/15/2022,36451,2022-03-15,12.847,71.567
3/19/2022,31261,2022-03-19,12.841,71.033
2/25/2022,5872,2022-02-25,12.838,83.4
2/28/2022,47469,2022-02-28,12.802,64.067
2/23/2022,47505,2022-02-23,12.789,77.4
3/7/2022,54095,2022-03-07,12.771,87.133
3/4/2022,47459,2022-03-04,12.739,79.267
2/26/2022,48459,2022-02-26,12.737,62.6
2/22/2022,45621,2022-02-22,12.723,76
2/23/2022,38875,2022-02-23,12.723,88.433
2/28/2022,15591,2022-02-28,12.711,69.167
3/17/2022,47457,2022-03-17,12.703,75.967
3/4/2022,47469,2022-03-04,12.701,76.8
3/14/2022,36451,2022-03-14,12.698,74.5
3/9/2022,47581,2022-03-09,12.673,66.933
2/22/2022,5996,2022-02-22,12.669,-221
2/27/2022,48459,2022-02-27,12.634,55.467
3/8/2022,12703,2022-03-08,12.631,79.833
3/17/2022,15591,2022-03-17,12.631,77.8
3/1/2022,12787,2022-03-01,12.627,86
3/4/2022,4329,2022-03-04,12.623,80.2
3/4/2022,11190,2022-03-04,12.619,79.767
3/7/2022,47469,2022-03-07,12.616,86.567
3/10/2022,47475,2022-03-10,12.614,-227
3/10/2022,28147,2022-03-10,12.601,58.033
3/15/2022,12787,2022-03-15,12.595,84.533
2/23/2022,11644,2022-02-23,12.592,77.967
3/10/2022,47465,2022-03-10,12.585,56.9
2/28/2022,25561,2022-02-28,12.58,69.2
3/10/2022,2873,2022-03-10,12.574,59
3/9/2022,47529,2022-03-09,12.569,NA
3/4/2022,47615,2022-03-04,12.567,84.167
2/21/2022,36451,2022-02-21,12.527,69.967
2/28/2022,47475,2022-02-28,12.523,-227
2/28/2022,12697,2022-02-28,12.516,65.4
3/4/2022,48745,2022-03-04,12.516,81.607
2/26/2022,47459,2022-02-26,12.504,66.767
3/8/2022,36451,2022-03-08,12.497,72.655
3/7/2022,47505,2022-03-07,12.486,86.067
2/26/2022,3050,2022-02-26,12.481,75.267
3/1/2022,11190,2022-03-01,12.477,71.667
3/9/2022,12823,2022-03-09,12.435,60.567
3/2/2022,25561,2022-03-02,12.424,83.8
3/4/2022,12691,2022-03-04,12.418,NA
3/7/2022,47529,2022-03-07,12.417,NA
3/10/2022,12867,2022-03-10,12.411,65.733
2/27/2022,12867,2022-02-27,12.409,60.867
3/7/2022,5872,2022-03-07,12.404,89
2/28/2022,47505,2022-02-28,12.399,68.533
3/4/2022,47475,2022-03-04,12.395,-227
3/14/2022,28147,2022-03-14,12.389,77.367
3/14/2022,47495,2022-03-14,12.363,85.633
3/14/2022,15587,2022-03-14,12.361,82.367
3/1/2022,47615,2022-03-01,12.345,75.967
3/11/2022,47581,2022-03-11,12.34,70.633
3/14/2022,47483,2022-03-14,12.297,81.333
3/14/2022,11184,2022-03-14,12.295,82.16
2/23/2022,47615,2022-02-23,12.283,79.643
3/4/2022,15587,2022-03-04,12.271,81.467
3/9/2022,47505,2022-03-09,12.264,66.933
3/10/2022,47457,2022-03-10,12.258,59
2/28/2022,11190,2022-02-28,12.253,65
3/7/2022,12867,2022-03-07,12.235,85.967
3/1/2022,47477,2022-03-01,12.234,82.9
3/7/2022,15587,2022-03-07,12.233,86.233
3/12/2022,36451,2022-03-12,12.203,69.4
3/14/2022,15591,2022-03-14,12.19,75.9
3/7/2022,11644,2022-03-07,12.184,89.333
3/4/2022,47505,2022-03-04,12.183,77.567
3/4/2022,47641,2022-03-04,12.145,NA
3/4/2022,15591,2022-03-04,12.142,81.767
3/16/2022,1334,2022-03-16,12.13,62.167
3/7/2022,31619,2022-03-07,12.125,86.4
2/23/2022,11190,2022-02-23,12.109,75
3/16/2022,47559,2022-03-16,12.105,78.033
3/19/2022,39969,2022-03-19,12.097,NA
3/7/2022,47475,2022-03-07,12.092,-227
3/4/2022,47493,2022-03-04,12.071,79.033
2/21/2022,54093,2022-02-21,12.03,69.967
2/22/2022,11180,2022-02-22,12.01,76
2/21/2022,11644,2022-02-21,11.979,78.1
3/4/2022,5996,2022-03-04,11.96,-221
3/3/2022,1326,2022-03-03,11.953,83.967
3/3/2022,38871,2022-03-03,11.94,91.2
2/26/2022,47529,2022-02-26,11.937,NA
3/1/2022,12759,2022-03-01,11.927,85.7
3/4/2022,54095,2022-03-04,11.914,76.8
3/4/2022,54093,2022-03-04,11.898,74.733
3/4/2022,11184,2022-03-04,11.892,83.267
3/19/2022,12697,2022-03-19,11.878,83.9
3/4/2022,47555,2022-03-04,11.861,79.333
3/4/2022,47621,2022-03-04,11.857,77.667
3/7/2022,47457,2022-03-07,11.856,86.133
2/28/2022,38871,2022-02-28,11.849,66.533
3/7/2022,48745,2022-03-07,11.848,87.267
3/14/2022,38871,2022-03-14,11.806,73.033
2/21/2022,45621,2022-02-21,11.804,72.167
3/7/2022,47493,2022-03-07,11.8,88.067
3/14/2022,47621,2022-03-14,11.779,69.767
3/4/2022,11174,2022-03-04,11.778,80.267
3/20/2022,12867,2022-03-20,11.777,76.9
2/23/2022,25561,2022-02-23,11.776,76.4
3/7/2022,11190,2022-03-07,11.769,85.767
2/28/2022,37403,2022-02-28,11.756,68.533
3/16/2022,1326,2022-03-16,11.731,66.621
3/9/2022,47621,2022-03-09,11.712,65.367
3/14/2022,6008,2022-03-14,11.689,77.167
2/21/2022,12787,2022-02-21,11.686,81.1
3/7/2022,47621,2022-03-07,11.685,84.833
2/26/2022,47477,2022-02-26,11.68,70.067
3/2/2022,12867,2022-03-02,11.657,82.5
3/14/2022,52885,2022-03-14,11.648,74.5
3/1/2022,45621,2022-03-01,11.632,69.933
2/24/2022,38873,2022-02-24,11.596,63.613
2/26/2022,5996,2022-02-26,11.588,-221
3/10/2022,25561,2022-03-10,11.576,57.133
2/28/2022,47459,2022-02-28,11.552,68.467
3/7/2022,3050,2022-03-07,11.534,87.667
2/28/2022,47457,2022-02-28,11.511,66.1
2/27/2022,1334,2022-02-27,11.485,59.533
3/17/2022,1326,2022-03-17,11.481,82.467
2/28/2022,47465,2022-02-28,11.473,62.9
3/9/2022,54093,2022-03-09,11.467,60.5
3/2/2022,28145,2022-03-02,11.451,79.3
3/19/2022,6008,2022-03-19,11.444,90.033
3/20/2022,12286,2022-03-20,11.44,78.167
3/10/2022,37403,2022-03-10,11.387,56.933
3/2/2022,39969,2022-03-02,11.376,79.967
3/2/2022,47581,2022-03-02,11.363,99.933
2/27/2022,5872,2022-02-27,11.342,82.567
3/7/2022,12759,2022-03-07,11.34,86.933
3/15/2022,20809,2022-03-15,11.296,74.2
3/4/2022,55773,2022-03-04,11.267,77.267
3/9/2022,2873,2022-03-09,11.256,68.467
3/2/2022,20809,2022-03-02,11.254,82
3/4/2022,6022,2022-03-04,11.25,81.1
3/18/2022,38871,2022-03-18,11.244,83.967
2/23/2022,12787,2022-02-23,11.243,85.1
3/7/2022,6112,2022-03-07,11.227,94.3
3/2/2022,45621,2022-03-02,11.213,77.7
3/3/2022,20521,2022-03-03,11.207,93.5
2/28/2022,54093,2022-02-28,11.188,61
3/9/2022,47487,2022-03-09,11.18,65.667
2/28/2022,12867,2022-02-28,11.168,68.4
3/19/2022,38871,2022-03-19,11.163,83.233
3/9/2022,47469,2022-03-09,11.158,66.367
3/7/2022,57965,2022-03-07,11.139,77.867
3/7/2022,25561,2022-03-07,11.134,85.033
2/26/2022,25561,2022-02-26,11.121,63.6
3/17/2022,12691,2022-03-17,11.121,NA
2/26/2022,38917,2022-02-26,11.113,60.6
3/10/2022,52885,2022-03-10,11.113,58.167
3/4/2022,47481,2022-03-04,11.112,79.7
3/20/2022,3050,2022-03-20,11.102,78.667
3/4/2022,37403,2022-03-04,11.09,78.733
3/4/2022,47499,2022-03-04,11.067,83.233
3/2/2022,11180,2022-03-02,11.063,74.5
3/18/2022,47581,2022-03-18,11.052,97.667
3/14/2022,47633,2022-03-14,11.047,71.667
3/16/2022,6004,2022-03-16,11.02,63.067
3/14/2022,47641,2022-03-14,11.012,NA
3/7/2022,37403,2022-03-07,11,85.133
3/14/2022,47555,2022-03-14,10.997,73.333
3/1/2022,28145,2022-03-01,10.994,71
3/17/2022,55773,2022-03-17,10.994,74.767
2/28/2022,6006,2022-02-28,10.99,66.933
3/17/2022,7906,2022-03-17,10.988,85.467
3/3/2022,1334,2022-03-03,10.985,76.138
3/7/2022,2873,2022-03-07,10.983,87.143
3/20/2022,54093,2022-03-20,10.963,75.333
2/26/2022,12721,2022-02-26,10.951,74.7
3/4/2022,47465,2022-03-04,10.942,78.4
2/24/2022,12759,2022-02-24,10.902,70.133
3/18/2022,57965,2022-03-18,10.878,67.133
2/28/2022,2873,2022-02-28,10.808,72.367
3/9/2022,12697,2022-03-09,10.803,66.933
3/4/2022,47487,2022-03-04,10.799,76.967
3/8/2022,12867,2022-03-08,10.799,81.5
3/14/2022,47529,2022-03-14,10.795,NA
3/4/2022,6028,2022-03-04,10.793,78.633
3/10/2022,1138,2022-03-10,10.778,NA
3/4/2022,12787,2022-03-04,10.774,76.133
3/20/2022,47495,2022-03-20,10.753,80.467
3/12/2022,12759,2022-03-12,10.749,67.3
2/26/2022,2873,2022-02-26,10.737,62.867
3/14/2022,3050,2022-03-14,10.724,73.133
3/7/2022,47465,2022-03-07,10.71,83.9
3/11/2022,12689,2022-03-11,10.698,77.267
3/14/2022,47493,2022-03-14,10.678,80.267
3/4/2022,12835,2022-03-04,10.674,77.767
3/8/2022,47481,2022-03-08,10.67,81.067
3/2/2022,1138,2022-03-02,10.669,NA
3/17/2022,12286,2022-03-17,10.627,77.7
3/17/2022,6004,2022-03-17,10.615,83.233
3/19/2022,12867,2022-03-19,10.589,86.167
3/3/2022,54093,2022-03-03,10.587,83
2/23/2022,37403,2022-02-23,10.576,76.133
3/8/2022,5996,2022-03-08,10.573,-221
2/22/2022,1334,2022-02-22,10.558,67.5
3/3/2022,6008,2022-03-03,10.53,94.033
3/14/2022,47459,2022-03-14,10.506,76.1
2/26/2022,12697,2022-02-26,10.453,64.8
3/2/2022,31261,2022-03-02,10.452,65.567
3/7/2022,54093,2022-03-07,10.377,82.933
3/14/2022,5872,2022-03-14,10.351,84
2/26/2022,28145,2022-02-26,10.335,58.3
3/19/2022,12703,2022-03-19,10.334,83.2
3/20/2022,47483,2022-03-20,10.309,75.633
3/20/2022,7906,2022-03-20,10.282,90.967
3/8/2022,48745,2022-03-08,10.256,85.7
3/9/2022,47465,2022-03-09,10.251,66.2
3/15/2022,6004,2022-03-15,10.222,75.533
3/4/2022,47477,2022-03-04,10.216,81.067
2/23/2022,1326,2022-02-23,10.215,81.6
3/12/2022,12867,2022-03-12,10.189,65.733
3/13/2022,57681,2022-03-13,10.143,55.833
3/9/2022,12867,2022-03-09,10.134,67.467
3/20/2022,48745,2022-03-20,10.108,81.8
3/20/2022,11184,2022-03-20,10.107,81.467
3/20/2022,12807,2022-03-20,10.105,90.667
3/4/2022,28145,2022-03-04,10.104,74.2
2/27/2022,1138,2022-02-27,10.1,NA
3/14/2022,11190,2022-03-14,10.091,72.333
3/20/2022,47487,2022-03-20,10.077,76.5
3/20/2022,5988,2022-03-20,10.048,82.133
3/14/2022,47505,2022-03-14,10.016,76.533
3/14/2022,47469,2022-03-14,10.008,71.233
2/26/2022,52885,2022-02-26,9.989,61.267
3/15/2022,47559,2022-03-15,9.979,85.233
2/22/2022,31261,2022-02-22,9.974,65.3
3/3/2022,36451,2022-03-03,9.971,86
2/21/2022,12867,2022-02-21,9.966,74
2/28/2022,12689,2022-02-28,9.946,76.233
3/4/2022,31619,2022-03-04,9.94,77.8
2/26/2022,38871,2022-02-26,9.902,61.833
3/14/2022,47487,2022-03-14,9.902,70
3/4/2022,757,2022-03-04,9.9,80.3
3/13/2022,47633,2022-03-13,9.886,56.167
3/7/2022,12807,2022-03-07,9.877,95.9
3/20/2022,12697,2022-03-20,9.856,74.733
3/20/2022,12835,2022-03-20,9.855,78.833
3/20/2022,28147,2022-03-20,9.844,76.3
3/20/2022,47469,2022-03-20,9.84,76.5
3/8/2022,31619,2022-03-08,9.832,80
3/7/2022,757,2022-03-07,9.823,85.65
2/25/2022,12759,2022-02-25,9.818,83.8
2/25/2022,47615,2022-02-25,9.818,77.867
3/9/2022,757,2022-03-09,9.811,69.267
2/21/2022,12759,2022-02-21,9.786,83.533
3/20/2022,55111,2022-03-20,9.765,76.867
3/15/2022,38875,2022-03-15,9.739,84.767
2/21/2022,7906,2022-02-21,9.733,79.5
3/14/2022,47475,2022-03-14,9.729,-227
3/9/2022,1138,2022-03-09,9.709,NA
2/26/2022,47581,2022-02-26,9.698,67.867
2/28/2022,48745,2022-02-28,9.685,66.3
2/27/2022,12689,2022-02-27,9.679,60.733
3/20/2022,2873,2022-03-20,9.675,80.767
3/11/2022,47615,2022-03-11,9.668,72.4
3/20/2022,47493,2022-03-20,9.65,79.433
3/19/2022,38873,2022-03-19,9.632,82.133
3/8/2022,47641,2022-03-08,9.626,NA
2/22/2022,36451,2022-02-22,9.62,69.9
3/12/2022,12747,2022-03-12,9.619,60.08
3/20/2022,47475,2022-03-20,9.593,-227
2/21/2022,28145,2022-02-21,9.592,72.367
3/17/2022,12759,2022-03-17,9.569,87.2
3/10/2022,47581,2022-03-10,9.544,60.567
3/20/2022,47529,2022-03-20,9.54,NA
3/20/2022,47499,2022-03-20,9.528,83.767
3/17/2022,48459,2022-03-17,9.52,76.967
3/13/2022,28147,2022-03-13,9.518,60.1
3/13/2022,52885,2022-03-13,9.517,56.567
3/14/2022,5988,2022-03-14,9.516,86.467
3/10/2022,12697,2022-03-10,9.472,61.067
3/8/2022,47499,2022-03-08,9.459,87.5
2/23/2022,47581,2022-02-23,9.439,79.333
3/20/2022,57681,2022-03-20,9.431,78
3/11/2022,48459,2022-03-11,9.423,74.033
3/10/2022,28145,2022-03-10,9.4,53.567
3/4/2022,12823,2022-03-04,9.395,84.033
3/8/2022,12697,2022-03-08,9.383,72
3/10/2022,6008,2022-03-10,9.376,58.367
3/17/2022,12787,2022-03-17,9.37,85.833
3/20/2022,12691,2022-03-20,9.358,NA
3/16/2022,36451,2022-03-16,9.327,77.8
3/7/2022,45621,2022-03-07,9.318,84.833
3/20/2022,37403,2022-03-20,9.315,78.733
3/3/2022,28145,2022-03-03,9.314,85.867
3/14/2022,2873,2022-03-14,9.308,79.667
3/3/2022,57965,2022-03-03,9.307,92.233
3/14/2022,47581,2022-03-14,9.294,87.3
3/20/2022,47617,2022-03-20,9.26,75.3
3/20/2022,47621,2022-03-20,9.258,75.333
3/11/2022,47559,2022-03-11,9.249,68.5
3/20/2022,55773,2022-03-20,9.225,74.433
3/20/2022,47465,2022-03-20,9.188,76.667
3/14/2022,38875,2022-03-14,9.181,80.633
2/28/2022,28145,2022-02-28,9.158,61.8
3/10/2022,47615,2022-03-10,9.139,71
3/20/2022,25561,2022-03-20,9.137,79.633
3/14/2022,47615,2022-03-14,9.088,68
3/20/2022,47457,2022-03-20,9.062,78.267
3/20/2022,47505,2022-03-20,9.059,76.5
3/20/2022,47633,2022-03-20,9.059,76.759
3/14/2022,6020,2022-03-14,9.051,73.267
2/26/2022,12867,2022-02-26,9.047,76.567
3/1/2022,38875,2022-03-01,9.045,79.067
3/16/2022,12747,2022-03-16,9.039,62.6
3/1/2022,47581,2022-03-01,9.028,89.467
3/13/2022,5996,2022-03-13,9.028,-221
3/14/2022,37403,2022-03-14,9.016,74.767
3/20/2022,47459,2022-03-20,9.01,78.69
3/7/2022,28145,2022-03-07,9.003,83.333
3/20/2022,47555,2022-03-20,8.993,77.3
3/4/2022,47581,2022-03-04,8.988,80.167
3/3/2022,38917,2022-03-03,8.98,86.1
3/15/2022,12286,2022-03-15,8.976,80
3/20/2022,12823,2022-03-20,8.97,78.8
3/14/2022,7906,2022-03-14,8.938,74.133
3/20/2022,54095,2022-03-20,8.934,88
3/20/2022,28145,2022-03-20,8.926,75.192
2/22/2022,12747,2022-02-22,8.917,70.7
3/19/2022,5872,2022-03-19,8.896,90.69
2/23/2022,47559,2022-02-23,8.894,78.828
3/13/2022,48459,2022-03-13,8.864,60.067
3/20/2022,5996,2022-03-20,8.86,-221
3/20/2022,12787,2022-03-20,8.852,85.379
3/9/2022,28145,2022-03-09,8.845,59.533
3/1/2022,6004,2022-03-01,8.842,81.767
2/28/2022,11644,2022-02-28,8.84,68
3/13/2022,45621,2022-03-13,8.83,56
3/20/2022,47481,2022-03-20,8.82,77.8
3/4/2022,45621,2022-03-04,8.792,76.5
3/7/2022,47615,2022-03-07,8.771,85
3/14/2022,12823,2022-03-14,8.752,86.833
3/7/2022,38917,2022-03-07,8.747,83.867
3/7/2022,12691,2022-03-07,8.726,NA
2/26/2022,47615,2022-02-26,8.638,78.172
3/20/2022,757,2022-03-20,8.634,79.467
2/22/2022,48459,2022-02-22,8.62,73.828
3/11/2022,12747,2022-03-11,8.6,71.1
3/20/2022,47641,2022-03-20,8.593,NA
3/3/2022,47559,2022-03-03,8.582,99.077
3/8/2022,2873,2022-03-08,8.577,84.034
3/20/2022,15591,2022-03-20,8.56,79
3/8/2022,15591,2022-03-08,8.539,83
3/17/2022,5996,2022-03-17,8.527,-221
3/8/2022,38871,2022-03-08,8.525,69.967
3/12/2022,57965,2022-03-12,8.523,63.167
3/19/2022,36451,2022-03-19,8.497,75.467
3/10/2022,1326,2022-03-10,8.465,65.379
3/12/2022,47615,2022-03-12,8.459,72.2
3/8/2022,55773,2022-03-08,8.454,78.933
3/9/2022,11180,2022-03-09,8.45,57
3/4/2022,38871,2022-03-04,8.444,73.967
2/26/2022,6022,2022-02-26,8.407,73.467
3/19/2022,20809,2022-03-19,8.383,85.233
2/24/2022,5872,2022-02-24,8.364,87.1
3/14/2022,6004,2022-03-14,8.362,78.667
3/17/2022,36451,2022-03-17,8.347,83.867
3/7/2022,12286,2022-03-07,8.328,83.233
3/20/2022,11190,2022-03-20,8.31,77.733
3/15/2022,12867,2022-03-15,8.301,75.667
3/20/2022,31619,2022-03-20,8.298,75.2
2/22/2022,12691,2022-02-22,8.29,NA
3/7/2022,5988,2022-03-07,8.287,93
2/22/2022,12807,2022-02-22,8.203,85.167
2/23/2022,12286,2022-02-23,8.172,81.4
3/7/2022,7906,2022-03-07,8.146,88.933
3/20/2022,15587,2022-03-20,8.144,80.6
3/14/2022,757,2022-03-14,8.132,77.533
2/23/2022,5872,2022-02-23,8.121,90.1
2/26/2022,6028,2022-02-26,8.119,71.267
2/28/2022,47581,2022-02-28,8.113,82.967
2/22/2022,5988,2022-02-22,8.096,79.967
3/12/2022,48459,2022-03-12,8.096,69.733
3/1/2022,12867,2022-03-01,8.071,74.133
3/20/2022,5872,2022-03-20,8.042,86
2/22/2022,12787,2022-02-22,8.022,84
3/14/2022,12807,2022-03-14,8.014,89
3/11/2022,6004,2022-03-11,8.01,81.6
2/22/2022,47581,2022-02-22,7.995,80.2
2/22/2022,12823,2022-02-22,7.962,79.533
3/11/2022,1334,2022-03-11,7.957,68.6
3/12/2022,47559,2022-03-12,7.948,62.667
2/26/2022,38873,2022-02-26,7.926,56.4
2/27/2022,36451,2022-02-27,7.917,62.9
3/7/2022,12823,2022-03-07,7.912,89.3
2/26/2022,12703,2022-02-26,7.878,72.5
2/26/2022,20521,2022-02-26,7.87,71.5
3/9/2022,36451,2022-03-09,7.865,67.444
2/23/2022,48459,2022-02-23,7.854,77.5
3/9/2022,12689,2022-03-09,7.842,71.481
3/8/2022,15587,2022-03-08,7.838,83.067
2/25/2022,47559,2022-02-25,7.828,76.286
3/8/2022,47493,2022-03-08,7.787,83.862
3/9/2022,45621,2022-03-09,7.771,65.333
2/26/2022,12689,2022-02-26,7.751,60.5
3/20/2022,45621,2022-03-20,7.733,77.167
3/20/2022,6112,2022-03-20,7.692,83.552
3/8/2022,47633,2022-03-08,7.686,81.333
3/18/2022,12759,2022-03-18,7.677,88.467
3/14/2022,48745,2022-03-14,7.645,72
2/24/2022,57965,2022-02-24,7.625,80.633
3/10/2022,38873,2022-03-10,7.609,54.533
2/27/2022,6020,2022-02-27,7.59,58.967
3/14/2022,25561,2022-03-14,7.586,77.433
3/1/2022,11644,2022-03-01,7.582,75.7
3/2/2022,48459,2022-03-02,7.566,80.167
3/9/2022,5872,2022-03-09,7.548,87.567
3/10/2022,12689,2022-03-10,7.529,58.7
3/8/2022,38873,2022-03-08,7.514,66.533
3/8/2022,54095,2022-03-08,7.489,82
3/13/2022,47499,2022-03-13,7.489,63.567
3/8/2022,47555,2022-03-08,7.469,81.067
3/19/2022,47559,2022-03-19,7.457,92.633
3/4/2022,11180,2022-03-04,7.434,78.25
3/8/2022,31261,2022-03-08,7.426,64.714
3/2/2022,12759,2022-03-02,7.395,91.033
3/1/2022,12286,2022-03-01,7.379,74.379
3/2/2022,1334,2022-03-02,7.347,71.75
3/13/2022,757,2022-03-13,7.322,60.667
3/10/2022,38871,2022-03-10,7.307,61.267
3/7/2022,12787,2022-03-07,7.304,92
3/20/2022,4329,2022-03-20,7.289,79.433
3/20/2022,47477,2022-03-20,7.281,76.533
3/10/2022,11644,2022-03-10,7.28,63
3/18/2022,5872,2022-03-18,7.277,84.867
3/8/2022,11184,2022-03-08,7.252,83.3
2/26/2022,5872,2022-02-26,7.208,84.267
3/8/2022,47457,2022-03-08,7.208,82.967
3/17/2022,47581,2022-03-17,7.207,78.9
3/20/2022,47615,2022-03-20,7.19,82.8
3/17/2022,47477,2022-03-17,7.103,83.8
3/17/2022,31261,2022-03-17,7.09,68
3/11/2022,31261,2022-03-11,7.041,66.333
3/20/2022,20521,2022-03-20,7.006,77.8
3/19/2022,6004,2022-03-19,7.001,83.933
3/4/2022,6008,2022-03-04,6.989,71.933
3/14/2022,47465,2022-03-14,6.982,69.833
2/27/2022,6004,2022-02-27,6.965,56.933
3/18/2022,47559,2022-03-18,6.951,85.586
2/26/2022,1326,2022-02-26,6.945,62.8
3/7/2022,47581,2022-03-07,6.942,94.667
3/19/2022,1334,2022-03-19,6.909,73
3/8/2022,12787,2022-03-08,6.897,87.133
2/28/2022,6004,2022-02-28,6.886,75
3/13/2022,47555,2022-03-13,6.883,57.533
2/25/2022,6004,2022-02-25,6.872,85.167
3/8/2022,11180,2022-03-08,6.869,72.75
3/19/2022,12759,2022-03-19,6.856,89.833
3/8/2022,47495,2022-03-08,6.822,83.533
3/1/2022,11180,2022-03-01,6.82,61
3/8/2022,47475,2022-03-08,6.767,-227
3/19/2022,12689,2022-03-19,6.764,93.467
3/8/2022,12823,2022-03-08,6.753,86.6
3/10/2022,1334,2022-03-10,6.743,62.567
3/8/2022,6008,2022-03-08,6.661,72.033
3/8/2022,11190,2022-03-08,6.621,82
3/17/2022,4329,2022-03-17,6.586,79.833
3/1/2022,12785,2022-03-01,6.574,80.633
3/4/2022,38917,2022-03-04,6.563,73.767
2/21/2022,12286,2022-02-21,6.562,77.633
3/19/2022,12747,2022-03-19,6.51,73.308
3/14/2022,45621,2022-03-14,6.501,70
3/13/2022,47487,2022-03-13,6.499,56.533
2/22/2022,1326,2022-02-22,6.498,71.933
3/4/2022,12697,2022-03-04,6.429,74.833
3/8/2022,47459,2022-03-08,6.414,82.833
3/8/2022,28147,2022-03-08,6.412,80.833
3/14/2022,54093,2022-03-14,6.36,68
3/14/2022,48459,2022-03-14,6.354,72.933
2/21/2022,38875,2022-02-21,6.35,75.4
3/8/2022,47615,2022-03-08,6.341,84.739
3/8/2022,37403,2022-03-08,6.332,82.733
3/12/2022,6004,2022-03-12,6.301,66
3/14/2022,12787,2022-03-14,6.297,87.419
3/8/2022,47469,2022-03-08,6.294,81.133
3/8/2022,5988,2022-03-08,6.292,84.7
3/13/2022,39969,2022-03-13,6.269,NA
2/21/2022,12785,2022-02-21,6.232,80.867
3/12/2022,5872,2022-03-12,6.222,84.9
3/6/2022,57681,2022-03-06,6.217,83.533
3/9/2022,12759,2022-03-09,6.21,66.5
2/23/2022,31261,2022-02-23,6.208,68.167
3/13/2022,2873,2022-03-13,6.208,62.133
3/2/2022,36451,2022-03-02,6.205,81.8
3/13/2022,6022,2022-03-13,6.203,65.933
3/12/2022,1334,2022-03-12,6.172,63.4
3/8/2022,47505,2022-03-08,6.118,81.067
2/25/2022,12689,2022-02-25,6.09,86.067
3/8/2022,47529,2022-03-08,6.089,NA
3/20/2022,48459,2022-03-20,5.976,68.467
3/4/2022,5872,2022-03-04,5.939,83.433
3/17/2022,3050,2022-03-17,5.919,77
3/8/2022,47617,2022-03-08,5.87,79.933
3/13/2022,11184,2022-03-13,5.84,67.867
3/8/2022,47621,2022-03-08,5.824,80.7
3/13/2022,20521,2022-03-13,5.812,64.033
2/24/2022,47559,2022-02-24,5.79,68.7
3/20/2022,11644,2022-03-20,5.771,80.667
3/19/2022,48459,2022-03-19,5.743,83.733
3/1/2022,48459,2022-03-01,5.741,75.033
3/11/2022,5872,2022-03-11,5.727,85.9
3/3/2022,12759,2022-03-03,5.716,95.767
2/27/2022,12747,2022-02-27,5.708,56.9
3/13/2022,6028,2022-03-13,5.702,64.433
3/13/2022,31261,2022-03-13,5.639,48.733
2/28/2022,5872,2022-02-28,5.638,81.833
3/8/2022,47487,2022-03-08,5.631,81.6
3/13/2022,38875,2022-03-13,5.63,61.133
3/8/2022,54093,2022-03-08,5.606,80
2/26/2022,20809,2022-02-26,5.604,73
3/8/2022,25561,2022-03-08,5.562,82.767
3/13/2022,38871,2022-03-13,5.542,58.633
2/26/2022,6004,2022-02-26,5.503,66.767
3/13/2022,47475,2022-03-13,5.474,-227
3/20/2022,52885,2022-03-20,5.464,76.067
3/10/2022,6004,2022-03-10,5.454,61.767
3/13/2022,54095,2022-03-13,5.398,69.867
2/28/2022,48459,2022-02-28,5.387,69.467
2/22/2022,7906,2022-02-22,5.373,79.467
3/14/2022,28145,2022-03-14,5.342,71.133
3/13/2022,5872,2022-03-13,5.337,80
3/13/2022,48745,2022-03-13,5.327,58.6
3/13/2022,47617,2022-03-13,5.262,54.767
3/13/2022,47483,2022-03-13,5.214,61.6
3/13/2022,12697,2022-03-13,5.197,58
2/26/2022,1334,2022-02-26,5.157,65.967
3/13/2022,3050,2022-03-13,5.156,57.2
3/13/2022,12823,2022-03-13,5.154,67.533
3/17/2022,12747,2022-03-17,5.15,81.1
3/13/2022,47477,2022-03-13,5.124,62.467
3/2/2022,12747,2022-03-02,5.12,83.267
3/8/2022,47581,2022-03-08,5.107,84.2
3/13/2022,6006,2022-03-13,5.102,59.4
3/8/2022,757,2022-03-08,5.091,83.367
3/8/2022,28145,2022-03-08,5.082,80
3/13/2022,47495,2022-03-13,5.06,67.2
3/8/2022,47465,2022-03-08,5.049,81.2
3/10/2022,31261,2022-03-10,5.021,56.733
2/26/2022,12747,2022-02-26,4.971,65.2
3/13/2022,4329,2022-03-13,4.965,61.433
3/2/2022,47559,2022-03-02,4.961,90.75
2/28/2022,1138,2022-02-28,4.923,NA
3/17/2022,38875,2022-03-17,4.908,75.615
3/13/2022,47493,2022-03-13,4.902,62.267
3/12/2022,31261,2022-03-12,4.9,59.867
3/15/2022,12785,2022-03-15,4.865,88.5
3/13/2022,47621,2022-03-13,4.849,55.467
3/7/2022,11180,2022-03-07,4.782,83.125
3/20/2022,39969,2022-03-20,4.781,NA
3/10/2022,36451,2022-03-10,4.766,72.5
3/13/2022,47465,2022-03-13,4.736,55.433
3/13/2022,37403,2022-03-13,4.711,56.833
3/1/2022,36451,2022-03-01,4.687,74.7
2/28/2022,12759,2022-02-28,4.608,83.2
3/13/2022,15587,2022-03-13,4.545,64.567
3/13/2022,47457,2022-03-13,4.526,59.967
3/13/2022,28145,2022-03-13,4.492,54.467
2/22/2022,47559,2022-02-22,4.487,78.067
3/17/2022,11644,2022-03-17,4.468,78.967
3/13/2022,12691,2022-03-13,4.467,NA
3/13/2022,6008,2022-03-13,4.455,64.067
2/26/2022,12759,2022-02-26,4.445,64.933
3/8/2022,45621,2022-03-08,4.44,81.633
3/13/2022,31619,2022-03-13,4.434,56.867
3/20/2022,47581,2022-03-20,4.428,89.3
3/8/2022,48459,2022-03-08,4.425,75.167
3/4/2022,47559,2022-03-04,4.418,76.467
3/13/2022,54093,2022-03-13,4.411,53.767
2/27/2022,47559,2022-02-27,4.365,53.655
3/9/2022,48459,2022-03-09,4.361,64.133
2/22/2022,47615,2022-02-22,4.35,80
3/20/2022,1334,2022-03-20,4.333,64.367
3/20/2022,1138,2022-03-20,4.325,NA
3/13/2022,47481,2022-03-13,4.298,60.533
3/8/2022,12689,2022-03-08,4.261,76.067
3/14/2022,12759,2022-03-14,4.235,87.267
3/13/2022,12807,2022-03-13,4.222,72.9
3/3/2022,12785,2022-03-03,4.221,92.167
2/21/2022,47559,2022-02-21,4.204,81.2
3/13/2022,5988,2022-03-13,4.201,68.767
3/16/2022,38875,2022-03-16,4.167,74.067
3/4/2022,12759,2022-03-04,4.122,81.833
3/4/2022,57965,2022-03-04,4.121,75.667
3/17/2022,47559,2022-03-17,4.105,85
3/20/2022,6022,2022-03-20,4.095,82.467
3/10/2022,5872,2022-03-10,4.075,84.833
3/2/2022,6004,2022-03-02,4.036,89
3/14/2022,12286,2022-03-14,4.028,71.833
3/13/2022,47505,2022-03-13,3.98,60.5
2/21/2022,57965,2022-02-21,3.959,66.9
3/13/2022,36451,2022-03-13,3.948,63.467
3/13/2022,7906,2022-03-13,3.946,67.5
3/20/2022,12689,2022-03-20,3.938,76.6
3/20/2022,6028,2022-03-20,3.919,81.167
3/1/2022,31261,2022-03-01,3.916,62
3/9/2022,47615,2022-03-09,3.91,78
3/10/2022,12759,2022-03-10,3.907,61.3
3/13/2022,15591,2022-03-13,3.89,58.067
3/13/2022,47459,2022-03-13,3.886,60.6
3/13/2022,12286,2022-03-13,3.865,57.897
3/13/2022,47529,2022-03-13,3.834,NA
3/8/2022,12759,2022-03-08,3.831,79.517
3/13/2022,12787,2022-03-13,3.819,71.667
3/13/2022,11190,2022-03-13,3.796,57
3/7/2022,47559,2022-03-07,3.794,88.7
3/20/2022,6008,2022-03-20,3.79,78.267
3/13/2022,47469,2022-03-13,3.713,54.933
3/8/2022,12747,2022-03-08,3.558,65.333
3/13/2022,12835,2022-03-13,3.55,63.333
3/13/2022,47641,2022-03-13,3.549,NA
3/13/2022,1334,2022-03-13,3.513,55.933
2/28/2022,57965,2022-02-28,3.475,75.5
3/8/2022,1334,2022-03-08,3.454,67.367
3/16/2022,12286,2022-03-16,3.429,76.633
3/20/2022,47559,2022-03-20,3.395,83.276
3/9/2022,31261,2022-03-09,3.373,57.533
3/5/2022,12785,2022-03-05,3.359,72.7
3/17/2022,47615,2022-03-17,3.359,79.633
3/17/2022,5872,2022-03-17,3.356,85.533
3/20/2022,38871,2022-03-20,3.331,77.8
2/28/2022,12747,2022-02-28,3.27,73.033
3/9/2022,1334,2022-03-09,3.262,69.9
3/8/2022,6004,2022-03-08,3.24,75.4
3/20/2022,12703,2022-03-20,3.22,75.333
3/13/2022,38873,2022-03-13,3.204,53.533
3/13/2022,1326,2022-03-13,3.166,60.933
3/13/2022,47615,2022-03-13,3.09,69
3/14/2022,57965,2022-03-14,3.081,77.7
3/17/2022,1334,2022-03-17,3.076,74.367
2/22/2022,57965,2022-02-22,3.07,71.533
3/20/2022,1326,2022-03-20,3.001,67.633
3/13/2022,25561,2022-03-13,2.919,60.833
3/10/2022,48459,2022-03-10,2.886,64.067
3/13/2022,11644,2022-03-13,2.871,59.933
3/18/2022,12785,2022-03-18,2.865,89
2/27/2022,31261,2022-02-27,2.86,49.667
2/28/2022,36451,2022-02-28,2.786,70.133
3/8/2022,47559,2022-03-08,2.786,82.233
3/20/2022,12759,2022-03-20,2.756,76.933
3/13/2022,12747,2022-03-13,2.668,59.267
3/11/2022,12785,2022-03-11,2.641,62.967
3/16/2022,57965,2022-03-16,2.632,68.967
3/1/2022,57965,2022-03-01,2.61,81.267
3/13/2022,12689,2022-03-13,2.568,71.3
3/13/2022,47581,2022-03-13,2.52,70.9
2/28/2022,47559,2022-02-28,2.511,73.267
3/1/2022,12747,2022-03-01,2.489,75.448
3/20/2022,6004,2022-03-20,2.449,76.467
3/20/2022,38873,2022-03-20,2.39,72.233
2/28/2022,1334,2022-02-28,2.376,62.033
3/6/2022,12785,2022-03-06,2.372,87.7
3/2/2022,12785,2022-03-02,2.338,90.7
2/27/2022,12785,2022-02-27,2.309,56
3/15/2022,57965,2022-03-15,2.243,76.267
2/25/2022,12785,2022-02-25,2.239,71
3/13/2022,20809,2022-03-13,2.162,58
3/1/2022,1334,2022-03-01,2.009,67.467
3/17/2022,12785,2022-03-17,1.988,72.967
3/19/2022,12785,2022-03-19,1.974,86.967
3/14/2022,12747,2022-03-14,1.967,70.296
3/20/2022,47497,2022-03-20,1.956,65.259
3/9/2022,47559,2022-03-09,1.95,65.724
3/10/2022,12785,2022-03-10,1.935,60.933
2/26/2022,47559,2022-02-26,1.881,61
2/27/2022,57965,2022-02-27,1.861,52.133
3/13/2022,12759,2022-03-13,1.823,65.6
3/9/2022,12747,2022-03-09,1.755,73.808
3/2/2022,57965,2022-03-02,1.737,89.667
3/20/2022,12747,2022-03-20,1.719,77.167
3/13/2022,12867,2022-03-13,1.646,63.133
3/10/2022,12747,2022-03-10,1.581,66.067
3/1/2022,47559,2022-03-01,1.536,80
3/9/2022,57965,2022-03-09,1.514,58.367
3/12/2022,12785,2022-03-12,1.379,65.267
3/10/2022,47559,2022-03-10,1.285,57.167
2/26/2022,12785,2022-02-26,1.268,63.633
3/14/2022,47559,2022-03-14,1.224,80.367
2/22/2022,12785,2022-02-22,1.184,78.033
3/11/2022,57965,2022-03-11,1.137,72.033
3/7/2022,12785,2022-03-07,1.054,89.033
2/23/2022,12785,2022-02-23,1.012,80.567
2/24/2022,12785,2022-02-24,0.936,72.133
3/9/2022,12785,2022-03-09,0.896,63.433
3/4/2022,12785,2022-03-04,0.885,72.4
2/28/2022,12785,2022-02-28,0.78,72.4
3/13/2022,57965,2022-03-13,0.753,64.467
3/20/2022,12785,2022-03-20,0.752,81.367
3/10/2022,57965,2022-03-10,0.735,64
3/17/2022,57965,2022-03-17,0.72,82.467
2/23/2022,57965,2022-02-23,0.714,82.9
3/19/2022,32481,2022-03-19,0.699,82.966
3/8/2022,57965,2022-03-08,0.671,74.767
3/19/2022,57965,2022-03-19,0.669,83.633
3/14/2022,12785,2022-03-14,0.666,75.333
2/26/2022,57965,2022-02-26,0.451,62.9
3/8/2022,12785,2022-03-08,0.411,83.967
3/20/2022,20809,2022-03-20,0.353,76.567
3/20/2022,57965,2022-03-20,0.312,74.2
3/13/2022,47559,2022-03-13,0.107,67.7
3/13/2022,12785,2022-03-13,0.105,59.867
2/21/2022,12801,2022-02-21,0,79.448
2/21/2022,37781,2022-02-21,0,81.333
2/21/2022,47513,2022-02-21,0,73
2/22/2022,12801,2022-02-22,0,81.733
2/22/2022,37781,2022-02-22,0,77.133
2/22/2022,47513,2022-02-22,0,73
2/23/2022,12801,2022-02-23,0,86.467
2/23/2022,37781,2022-02-23,0,80.133
2/23/2022,47513,2022-02-23,0,73
2/24/2022,12801,2022-02-24,0,80.133
2/24/2022,37781,2022-02-24,0,70.8
2/24/2022,47513,2022-02-24,0,73
2/25/2022,12801,2022-02-25,0,91.6
2/25/2022,37781,2022-02-25,0,77.967
2/25/2022,47513,2022-02-25,0,73
2/26/2022,12801,2022-02-26,0,78.9
2/26/2022,37781,2022-02-26,0,64.133
2/26/2022,47513,2022-02-26,0,73
2/27/2022,12801,2022-02-27,0,56.9
2/27/2022,37781,2022-02-27,0,55.233
2/27/2022,47513,2022-02-27,0,73
2/28/2022,12801,2022-02-28,0,69.067
2/28/2022,37781,2022-02-28,0,78.4
2/28/2022,47513,2022-02-28,0,73
3/1/2022,12801,2022-03-01,0,79.967
3/1/2022,37781,2022-03-01,0,81
3/1/2022,47513,2022-03-01,0,73
3/2/2022,12801,2022-03-02,0,84.1
3/2/2022,37781,2022-03-02,0,89.4
3/2/2022,47513,2022-03-02,0,73
3/3/2022,12801,2022-03-03,0,91.9
3/3/2022,37781,2022-03-03,0,96.759
3/3/2022,47513,2022-03-03,0,73
3/4/2022,12801,2022-03-04,0,76.8
3/4/2022,37781,2022-03-04,0,79.633
3/4/2022,47513,2022-03-04,0,73
3/5/2022,12801,2022-03-05,0,88.4
3/5/2022,37781,2022-03-05,0,76.433
3/5/2022,47513,2022-03-05,0,73
3/6/2022,12801,2022-03-06,0,90.933
3/6/2022,37781,2022-03-06,0,89.167
3/6/2022,47513,2022-03-06,0,73
3/7/2022,12801,2022-03-07,0,90.8
3/7/2022,37781,2022-03-07,0,84.867
3/7/2022,47513,2022-03-07,0,73
3/8/2022,12801,2022-03-08,0,81.833
3/8/2022,37781,2022-03-08,0,83.1
3/8/2022,47513,2022-03-08,0,73
3/9/2022,12801,2022-03-09,0,79.1
3/9/2022,37781,2022-03-09,0,68.9
3/9/2022,47513,2022-03-09,0,73
3/10/2022,12801,2022-03-10,0,65.4
3/10/2022,37781,2022-03-10,0,60.967
3/10/2022,47513,2022-03-10,0,73
3/11/2022,12801,2022-03-11,0,67
3/11/2022,37781,2022-03-11,0,72.733
3/11/2022,47513,2022-03-11,0,73
3/12/2022,12801,2022-03-12,0,78.31
3/12/2022,37781,2022-03-12,0,66.067
3/12/2022,47513,2022-03-12,0,NA
3/13/2022,12801,2022-03-13,0,59.9
3/13/2022,37781,2022-03-13,0,61.033
3/13/2022,47513,2022-03-13,0,NA
3/14/2022,12801,2022-03-14,0,77.667
3/14/2022,37781,2022-03-14,0,81.233
3/14/2022,47513,2022-03-14,0,NA
3/15/2022,12801,2022-03-15,0,81.2
3/15/2022,37781,2022-03-15,0,82.9
3/15/2022,47513,2022-03-15,0,NA
3/16/2022,12801,2022-03-16,0,83.833
3/16/2022,37781,2022-03-16,0,81.333
3/16/2022,47513,2022-03-16,0,NA
3/17/2022,12801,2022-03-17,0,81.433
3/17/2022,37781,2022-03-17,0,84.567
3/17/2022,47513,2022-03-17,0,NA
3/18/2022,12801,2022-03-18,0,89.3
3/18/2022,37781,2022-03-18,0,85.167
3/18/2022,47513,2022-03-18,0,NA
3/19/2022,12801,2022-03-19,0,92.333
3/19/2022,37781,2022-03-19,0,86.1
3/19/2022,47513,2022-03-19,0,NA
3/20/2022,12801,2022-03-20,0,82.3
3/20/2022,37781,2022-03-20,0,78.5
3/20/2022,47513,2022-03-20,0,NA
